SiteName,County,AQI,Pollutant,Status,SO2,CO,O3,O3_8hr,PM10,PM2.5,NO2,NOx,NO,WindSpeed,WindDirec,DataCreationDate,Unit,CO_8hr,PM2.5_AVG,PM10_AVG,SO2_AVG,Longitude,Latitude,SiteId
萬華,臺北市,31.0,nan,良好,1.3,0.32,30.6,29.0,21.0,9.0,18.6,19.9,1.3,2.4,107,2021-10-31 23:00,nan,0.3,10.0,21.0,1.0,121.507972,25.046503,13
萬華,臺北市,35.0,nan,良好,1.4,0.36,27.7,30.0,24.0,7.0,21.1,22.4,1.2,1.6,109,2021-10-31 22:00,nan,0.3,10.0,21.0,1.0,121.507972,25.046503,13
萬華,臺北市,35.0,nan,良好,1.2,0.35,28.9,31.0,18.0,10.0,18.3,19.6,1.2,1.8,98,2021-10-31 21:00,nan,0.3,11.0,20.0,1.0,121.507972,25.046503,13
萬華,臺北市,37.0,nan,良好,1.2,0.36,26.5,33.0,20.0,11.0,21.6,23.1,1.5,2.4,111,2021-10-31 20:00,nan,0.2,11.0,22.0,1.0,121.507972,25.046503,13
萬華,臺北市,36.0,nan,良好,1.3,0.34,28.3,34.0,21.0,12.0,19.9,21.3,1.4,1.6,104,2021-10-31 19:00,nan,0.2,11.0,22.0,1.0,121.507972,25.046503,13
萬華,臺北市,35.0,nan,良好,2.1,0.35,29.4,36.0,21.0,11.0,21.3,22.6,1.3,2.1,91,2021-10-31 18:00,nan,0.2,10.0,22.0,1.0,121.507972,25.046503,13
萬華,臺北市,35.0,nan,良好,1.3,0.32,29.0,38.0,27.0,12.0,18.7,20.4,1.7,2.3,102,2021-10-31 17:00,nan,0.2,11.0,21.0,1.0,121.507972,25.046503,13
萬華,臺北市,35.0,nan,良好,1.5,0.28,33.1,38.0,19.0,9.0,15.7,17.9,2.2,2.5,101,2021-10-31 16:00,nan,0.2,11.0,21.0,1.0,121.507972,25.046503,13
萬華,臺北市,35.0,nan,良好,2.4,0.25,37.2,35.0,21.0,7.0,11.3,13.5,2.1,2.7,109,2021-10-31 15:00,nan,0.3,11.0,21.0,1.0,121.507972,25.046503,13
萬華,臺北市,37.0,nan,良好,1.3,0.22,41.0,34.0,18.0,11.0,8.8,11.2,2.4,3.1,108,2021-10-31 14:00,nan,0.3,11.0,22.0,1.0,121.507972,25.046503,13
萬華,臺北市,38.0,nan,良好,1.5,0.23,39.8,33.0,21.0,11.0,9.3,11.5,2.1,2.9,89,2021-10-31 13:00,nan,0.3,12.0,22.0,1.0,121.507972,25.046503,13
萬華,臺北市,40.0,nan,良好,1.5,0.24,41.1,33.0,24.0,9.0,10.4,13.2,2.8,3,110,2021-10-31 12:00,nan,0.3,12.0,24.0,1.0,121.507972,25.046503,13
萬華,臺北市,43.0,nan,良好,1.4,0.25,41.5,33.0,21.0,10.0,10.9,13.3,2.4,2.4,99,2021-10-31 11:00,nan,0.3,13.0,24.0,0.0,121.507972,25.046503,13
萬華,臺北市,44.0,nan,良好,1.3,0.28,41.9,33.0,21.0,15.0,12.7,15.2,2.5,3,94,2021-10-31 10:00,nan,0.3,13.0,24.0,0.0,121.507972,25.046503,13
萬華,臺北市,43.0,nan,良好,1.2,0.46,31.5,34.0,29.0,16.0,20.9,28.2,7.2,1.9,123,2021-10-31 09:00,nan,0.3,13.0,24.0,0.0,121.507972,25.046503,13
萬華,臺北市,50.0,nan,良好,0.9,0.66,11.6,36.0,28.0,15.0,30.0,37.4,7.4,0.5,2,2021-10-31 08:00,nan,0.3,13.0,24.0,0.0,121.507972,25.046503,13
萬華,臺北市,41.0,nan,良好,0.9,0.33,23.6,40.0,21.0,10.0,12.5,13.4,0.9,0.9,157,2021-10-31 07:00,nan,0.2,13.0,24.0,0.0,121.507972,25.046503,13
萬華,臺北市,41.0,nan,良好,0.9,0.26,34.8,42.0,20.0,14.0,8.2,8.9,0.6,1,165,2021-10-31 06:00,nan,0.2,13.0,25.0,0.0,121.507972,25.046503,13
萬華,臺北市,40.0,nan,良好,1.0,0.25,41.1,43.0,24.0,16.0,8.3,9.0,0.7,1.2,164,2021-10-31 05:00,nan,0.3,12.0,25.0,0.0,121.507972,25.046503,13
萬華,臺北市,41.0,nan,良好,1.0,0.26,42.1,44.0,27.0,13.0,8.8,9.5,0.6,1.2,123,2021-10-31 04:00,nan,0.3,11.0,26.0,0.0,121.507972,25.046503,13
萬華,臺北市,39.0,nan,良好,1.0,0.26,43.5,42.0,27.0,9.0,9.0,9.6,0.6,1.5,109,2021-10-31 03:00,nan,0.3,11.0,25.0,0.0,121.507972,25.046503,13
萬華,臺北市,37.0,nan,良好,1.0,0.27,46.5,40.0,22.0,11.0,10.2,10.6,0.4,1.3,112,2021-10-31 02:00,nan,0.3,11.0,25.0,0.0,121.507972,25.046503,13
萬華,臺北市,37.0,nan,良好,0.6,0.29,49.8,37.0,32.0,11.0,10.1,10.8,0.6,1.1,120,2021-10-31 01:00,nan,0.4,12.0,26.0,0.0,121.507972,25.046503,13
萬華,臺北市,37.0,nan,良好,0.8,0.34,44.7,33.0,21.0,11.0,17.0,17.7,0.6,1.6,101,2021-10-31 00:00,nan,0.4,12.0,25.0,0.0,121.507972,25.046503,13
萬華,臺北市,40.0,nan,良好,0.9,0.41,40.1,31.0,25.0,13.0,22.0,23.0,0.9,1.3,85,2021-10-30 23:00,nan,0.4,12.0,26.0,0.0,121.507972,25.046503,13
萬華,臺北市,38.0,nan,良好,0.9,0.37,43.4,29.0,29.0,13.0,18.4,19.3,0.9,1.8,108,2021-10-30 22:00,nan,0.4,12.0,26.0,0.0,121.507972,25.046503,13
萬華,臺北市,36.0,nan,良好,0.9,0.37,41.9,26.0,30.0,11.0,18.6,19.5,0.9,2.2,114,2021-10-30 21:00,nan,0.4,11.0,25.0,0.0,121.507972,25.046503,13
萬華,臺北市,47.0,nan,良好,1.0,0.49,27.9,24.0,29.0,16.0,28.8,30.3,1.5,1.3,77,2021-10-30 20:00,nan,0.4,11.0,24.0,0.0,121.507972,25.046503,13
萬華,臺北市,43.0,nan,良好,1.0,0.46,26.0,22.0,24.0,10.0,26.2,27.7,1.5,1.1,94,2021-10-30 19:00,nan,0.4,10.0,23.0,0.0,121.507972,25.046503,13
萬華,臺北市,48.0,nan,良好,1.1,0.47,22.5,21.0,23.0,9.0,29.1,31.1,2.0,1.9,100,2021-10-30 18:00,nan,0.4,10.0,22.0,0.0,121.507972,25.046503,13
萬華,臺北市,50.0,nan,良好,1.0,0.43,21.0,19.0,25.0,8.0,30.1,32.5,2.3,1.3,88,2021-10-30 17:00,nan,0.4,10.0,22.0,0.0,121.507972,25.046503,13
萬華,臺北市,35.0,nan,良好,1.0,0.35,30.2,17.0,22.0,8.0,21.5,23.7,2.1,1.3,95,2021-10-30 16:00,nan,0.5,10.0,21.0,0.0,121.507972,25.046503,13
萬華,臺北市,38.0,nan,良好,1.0,0.43,24.4,15.0,19.0,9.0,23.8,28.2,4.3,1.5,93,2021-10-30 15:00,nan,0.5,11.0,21.0,0.0,121.507972,25.046503,13
萬華,臺北市,40.0,nan,良好,1.0,0.49,22.0,14.0,27.0,14.0,24.9,31.1,6.1,0.9,129,2021-10-30 14:00,nan,0.4,12.0,23.0,0.0,121.507972,25.046503,13
萬華,臺北市,47.0,nan,良好,1.0,0.55,18.0,14.0,21.0,12.0,28.7,33.0,4.2,0.7,134,2021-10-30 13:00,nan,0.4,11.0,22.0,0.0,121.507972,25.046503,13
萬華,臺北市,45.0,nan,良好,1.0,0.46,19.3,15.0,26.0,14.0,27.3,31.1,3.7,1.4,173,2021-10-30 12:00,nan,0.4,11.0,22.0,0.0,121.507972,25.046503,13
萬華,臺北市,50.0,nan,良好,0.8,0.58,12.3,15.0,28.0,11.0,30.9,38.1,7.1,1.5,169,2021-10-30 11:00,nan,0.4,10.0,20.0,0.0,121.507972,25.046503,13
萬華,臺北市,43.0,nan,良好,0.8,0.59,8.6,18.0,21.0,11.0,26.1,35.2,9.0,0.4,344,2021-10-30 10:00,nan,0.3,10.0,19.0,0.0,121.507972,25.046503,13
萬華,臺北市,40.0,nan,良好,0.7,0.56,5.7,21.0,21.0,11.0,24.4,33.0,8.5,0.7,150,2021-10-30 09:00,nan,0.3,9.0,18.0,0.0,121.507972,25.046503,13
萬華,臺北市,32.0,nan,良好,0.9,0.41,10.4,23.0,14.0,10.0,19.6,23.1,3.5,1.1,170,2021-10-30 08:00,nan,0.3,9.0,17.0,0.0,121.507972,25.046503,13
萬華,臺北市,29.0,nan,良好,1.1,0.31,17.8,23.0,20.0,10.0,15.8,17.3,1.4,0.8,167,2021-10-30 07:00,nan,0.3,9.0,18.0,0.0,121.507972,25.046503,13
萬華,臺北市,29.0,nan,良好,0.8,0.24,22.6,22.0,16.0,8.0,8.7,9.3,0.6,0.8,168,2021-10-30 06:00,nan,0.3,9.0,19.0,0.0,121.507972,25.046503,13
萬華,臺北市,30.0,nan,良好,0.7,0.24,24.8,21.0,14.0,7.0,8.9,9.4,0.5,0.9,162,2021-10-30 05:00,nan,0.3,9.0,19.0,0.0,121.507972,25.046503,13
萬華,臺北市,30.0,nan,良好,0.7,0.28,25.1,20.0,20.0,11.0,11.6,12.2,0.5,1.2,154,2021-10-30 04:00,nan,0.4,9.0,21.0,0.0,121.507972,25.046503,13
萬華,臺北市,28.0,nan,良好,1.0,0.27,35.4,18.0,21.0,11.0,11.5,12.0,0.5,0.8,160,2021-10-30 03:00,nan,0.4,8.0,21.0,0.0,121.507972,25.046503,13
萬華,臺北市,30.0,nan,良好,1.0,0.31,28.1,16.0,22.0,9.0,18.5,19.2,0.7,0.8,96,2021-10-30 02:00,nan,0.5,8.0,21.0,0.0,121.507972,25.046503,13
萬華,臺北市,28.0,nan,良好,0.7,0.35,25.5,15.0,20.0,6.0,17.3,18.2,0.9,1.1,87,2021-10-30 01:00,nan,0.5,8.0,21.0,0.0,121.507972,25.046503,13
萬華,臺北市,47.0,nan,良好,0.5,0.51,11.9,15.0,21.0,7.0,28.4,32.0,3.6,0.9,127,2021-10-30 00:00,nan,0.5,8.0,22.0,0.0,121.507972,25.046503,13
萬華,臺北市,51,二氧化氮,普通,0.5,0.6,8.2,18.0,22.0,7.0,31.1,36.1,5.0,1.2,160,2021-10-29 23:00,nan,0.4,9.0,22.0,0.0,121.507972,25.046503,13
萬華,臺北市,50,nan,良好,0.4,0.55,14.6,21.0,21.0,9.0,30.8,33.8,3.0,1,159,2021-10-29 22:00,nan,0.4,9.0,22.0,0.0,121.507972,25.046503,13
萬華,臺北市,52,二氧化氮,普通,0.6,0.52,13.9,24.0,24.0,11.0,33.4,37.5,4.1,0.9,160,2021-10-29 21:00,nan,0.4,9.0,22.0,0.0,121.507972,25.046503,13
萬華,臺北市,52,二氧化氮,普通,0.8,0.58,12.2,27.0,21.0,10.0,33.5,39.1,5.6,1.6,89,2021-10-29 20:00,nan,0.3,9.0,22.0,0.0,121.507972,25.046503,13
萬華,臺北市,53,二氧化氮,普通,0.6,0.62,14.0,31.0,21.0,9.0,34.9,41.3,6.4,1.3,117,2021-10-29 19:00,nan,0.3,9.0,22.0,0.0,121.507972,25.046503,13
萬華,臺北市,43,nan,良好,0.6,0.44,23.0,34.0,20.0,9.0,26.9,30.0,3.0,1.1,71,2021-10-29 18:00,nan,0.2,8.0,23.0,0.0,121.507972,25.046503,13
萬華,臺北市,32,nan,良好,0.9,0.33,30.1,34.0,22.0,9.0,19.2,21.4,2.2,1.3,52,2021-10-29 17:00,nan,0.2,8.0,24.0,0.0,121.507972,25.046503,13
萬華,臺北市,31,nan,良好,0.4,0.3,31.0,33.0,24.0,8.0,18.1,20.3,2.1,1.3,51,2021-10-29 16:00,nan,0.3,8.0,24.0,0.0,121.507972,25.046503,13
萬華,臺北市,29,nan,良好,0.4,0.29,35.1,31.0,23.0,6.0,16.1,19.6,3.4,2.1,109,2021-10-29 15:00,nan,0.3,8.0,23.0,0.0,121.507972,25.046503,13
萬華,臺北市,30,nan,良好,0.4,0.27,36.8,31.0,25.0,8.0,13.5,16.2,2.6,2.2,96,2021-10-29 14:00,nan,0.3,9.0,24.0,0.0,121.507972,25.046503,13
萬華,臺北市,31,nan,良好,0.6,0.25,38.7,32.0,23.0,6.0,12.2,15.2,3.0,3,108,2021-10-29 13:00,nan,0.3,10.0,24.0,0.0,121.507972,25.046503,13
萬華,臺北市,34,nan,良好,0.4,0.25,40.7,33.0,24.0,8.0,10.8,14.1,3.2,2.9,105,2021-10-29 12:00,nan,0.3,10.0,25.0,0.0,121.507972,25.046503,13
萬華,臺北市,37,nan,良好,0.5,0.26,39.3,34.0,23.0,10.0,11.8,16.9,5.1,3.2,91,2021-10-29 11:00,nan,0.3,11.0,26.0,0.0,121.507972,25.046503,13
萬華,臺北市,40,nan,良好,0.7,0.42,26.8,34.0,26.0,8.0,24.9,34.2,9.3,2.5,80,2021-10-29 10:00,nan,0.3,12.0,27.0,0.0,121.507972,25.046503,13
萬華,臺北市,52,二氧化氮,普通,0.6,0.56,18.0,35.0,31.0,11.0,32.6,42.4,9.7,1.9,101,2021-10-29 09:00,nan,0.3,13.0,26.0,0.0,121.507972,25.046503,13
萬華,臺北市,51,二氧化氮,普通,0.6,0.48,18.5,36.0,26.0,12.0,31.8,35.9,4.1,1.7,110,2021-10-29 08:00,nan,0.3,13.0,25.0,0.0,121.507972,25.046503,13
萬華,臺北市,43,nan,良好,0.6,0.29,34.8,36.0,27.0,12.0,15.5,16.5,1.0,1.1,118,2021-10-29 07:00,nan,0.3,13.0,24.0,0.0,121.507972,25.046503,13
萬華,臺北市,44,nan,良好,0.8,0.23,44.4,34.0,21.0,13.0,7.4,7.9,0.4,1.6,111,2021-10-29 06:00,nan,0.3,13.0,24.0,0.0,121.507972,25.046503,13
萬華,臺北市,45,nan,良好,0.5,0.22,45.8,32.0,21.0,11.0,6.4,6.9,0.4,1.7,113,2021-10-29 05:00,nan,0.4,14.0,26.0,0.0,121.507972,25.046503,13
萬華,臺北市,46,nan,良好,0.7,0.24,46.5,29.0,20.0,14.0,7.0,7.5,0.4,2,104,2021-10-29 04:00,nan,0.4,14.0,28.0,0.0,121.507972,25.046503,13
萬華,臺北市,48,nan,良好,0.5,0.32,38.9,25.0,28.0,12.0,12.6,13.1,0.4,2,93,2021-10-29 03:00,nan,0.4,15.0,29.0,0.0,121.507972,25.046503,13
萬華,臺北市,48,nan,良好,0.6,0.35,37.8,23.0,28.0,18.0,14.0,14.5,0.4,1,68,2021-10-29 02:00,nan,0.5,15.0,29.0,0.0,121.507972,25.046503,13
萬華,臺北市,46,nan,良好,0.5,0.52,24.2,22.0,35.0,13.0,27.0,28.0,1.0,0.9,83,2021-10-29 01:00,nan,0.5,14.0,29.0,0.0,121.507972,25.046503,13
萬華,臺北市,50,nan,良好,0.4,0.54,19.9,24.0,30.0,16.0,30.7,32.3,1.5,0.8,154,2021-10-29 00:00,nan,0.5,14.0,28.0,0.0,121.507972,25.046503,13
萬華,臺北市,53,二氧化氮,普通,0.5,0.59,19.0,26.0,27.0,15.0,34.3,36.2,1.8,0.8,111,2021-10-28 23:00,nan,0.4,14,26,0.0,121.507972,25.046503,13
萬華,臺北市,52,二氧化氮,普通,0.5,0.52,25.5,29.0,32.0,14.0,32.3,34.4,2.1,1,73,2021-10-28 22:00,nan,0.4,14,28,0.0,121.507972,25.046503,13
萬華,臺北市,51,二氧化氮,普通,0.6,0.5,23.8,32.0,31.0,15.0,31.5,33.9,2.4,1.3,100,2021-10-28 21:00,nan,0.4,13,27,0.0,121.507972,25.046503,13
萬華,臺北市,55,二氧化氮,普通,0.6,0.57,18.7,35.0,25.0,17.0,36.9,41.7,4.8,2.4,102,2021-10-28 20:00,nan,0.3,13,26,0.0,121.507972,25.046503,13
萬華,臺北市,55,二氧化氮,普通,0.8,0.62,20.5,38.0,28.0,14.0,36.6,41.6,5.0,2,95,2021-10-28 19:00,nan,0.3,13,27,0.0,121.507972,25.046503,13
萬華,臺北市,39,nan,良好,0.3,0.43,30.6,41.0,29.0,11.0,23.8,26.2,2.4,2.3,84,2021-10-28 18:00,nan,0.2,12,26,0.0,121.507972,25.046503,13
萬華,臺北市,39,nan,良好,0.3,0.3,37.8,42.0,28.0,14.0,14.8,17.1,2.3,3.6,107,2021-10-28 17:00,nan,0.2,12,24,0.0,121.507972,25.046503,13
萬華,臺北市,39,nan,良好,0.4,0.29,37.7,42.0,29.0,17.0,13.7,16.4,2.6,2.5,89,2021-10-28 16:00,nan,0.2,12,23,1.0,121.507972,25.046503,13
萬華,臺北市,38,nan,良好,1.0,0.27,40.4,41.0,25.0,9.0,13.2,15.9,2.7,3.6,116,2021-10-28 15:00,nan,0.3,10,20,1.0,121.507972,25.046503,13
萬華,臺北市,36,nan,良好,1.7,0.25,47.2,39.0,16.0,11.0,10.4,13.6,3.2,3.5,94,2021-10-28 14:00,nan,0.3,10,24,1.0,121.507972,25.046503,13
萬華,臺北市,35,nan,良好,1.4,0.25,47.6,38.0,21.0,11.0,13.0,16.4,3.4,3,107,2021-10-28 13:00,nan,0.3,11,25,1.0,121.507972,25.046503,13
萬華,臺北市,35,nan,良好,1.0,0.26,46.3,38.0,5.0,12.0,12.5,15.8,3.3,2.8,93,2021-10-28 12:00,nan,0.2,11,26,1.0,121.507972,25.046503,13
萬華,臺北市,35,nan,良好,2.6,0.25,46.9,38.0,56.0,8.0,14.2,18.4,4.1,2.6,78,2021-10-28 11:00,nan,0.2,10,30,1.0,121.507972,25.046503,13
萬華,臺北市,35,nan,良好,2.4,0.33,39.5,38.0,24.0,12.0,21.5,27.4,5.8,2.9,107,2021-10-28 10:00,nan,0.2,11,24,1.0,121.507972,25.046503,13
萬華,臺北市,42,nan,良好,1.4,0.44,34.7,38.0,28.0,12.0,25.1,32.2,7.0,2,86,2021-10-28 09:00,nan,0.2,11,24,1.0,121.507972,25.046503,13
萬華,臺北市,47,nan,良好,0.8,0.42,25.9,39.0,27.0,10.0,28.1,33.3,5.1,1.7,98,2021-10-28 08:00,nan,0.2,11,23,1.0,121.507972,25.046503,13
萬華,臺北市,39,nan,良好,0.9,0.26,30.2,42.0,23.0,9.0,19.2,20.8,1.6,1.6,101,2021-10-28 07:00,nan,0.2,11,22,1.0,121.507972,25.046503,13
萬華,臺北市,41,nan,良好,0.8,0.19,40.3,44.0,23.0,11.0,7.9,8.7,0.8,1.3,88,2021-10-28 06:00,nan,0.2,11,22,1.0,121.507972,25.046503,13
萬華,臺北市,40,nan,良好,0.4,0.17,45.0,43.0,17.0,12.0,5.1,6.0,0.8,1.3,118,2021-10-28 05:00,nan,0.2,11,21,1.0,121.507972,25.046503,13
萬華,臺北市,39,nan,良好,0.6,0.17,46.0,42.0,21.0,8.0,6.3,7.2,0.9,1.7,102,2021-10-28 04:00,nan,0.2,11,23,1.0,121.507972,25.046503,13
萬華,臺北市,38,nan,良好,0.8,0.19,43.4,40.0,21.0,10.0,7.5,8.5,0.9,1.4,100,2021-10-28 03:00,nan,0.3,12,24,1.0,121.507972,25.046503,13
萬華,臺北市,39,nan,良好,0.8,0.2,43.2,37.0,20.0,11.0,8.3,9.1,0.8,1.6,102,2021-10-28 02:00,nan,0.3,12,24,1.0,121.507972,25.046503,13
萬華,臺北市,41,nan,良好,0.7,0.26,44.3,35.0,31.0,11.0,12.0,12.1,0.1,1.3,109,2021-10-28 01:00,nan,0.3,12,25,1.0,121.507972,25.046503,13
萬華,臺北市,42,nan,良好,0.9,0.31,44.1,33.0,24.0,12.0,16.4,16.4,0.0,1.8,96,2021-10-28 00:00,nan,0.3,13,24,1.0,121.507972,25.046503,13
萬華,臺北市,40,nan,良好,1.1,0.32,46.1,33.0,24.0,14.0,16.2,16.5,0.3,2.5,111,2021-10-27 23:00,nan,0.3,12,24,1.0,121.507972,25.046503,13
萬華,臺北市,38,nan,良好,1.0,0.33,39.6,32.0,27.0,16.0,18.3,18.9,0.5,2.3,103,2021-10-27 22:00,nan,0.3,12,24,1.0,121.507972,25.046503,13
萬華,臺北市,36,nan,良好,0.7,0.37,36.0,33.0,27.0,14.0,20.4,21.4,0.9,2,101,2021-10-27 21:00,nan,0.3,11,23,1.0,121.507972,25.046503,13
萬華,臺北市,50,nan,良好,0.7,0.5,24.5,34.0,25.0,10.0,30.3,32.2,1.8,2.3,104,2021-10-27 20:00,nan,0.3,11,21,1.0,121.507972,25.046503,13
萬華,臺北市,52,二氧化氮,普通,0.7,0.56,22.1,36.0,26.0,11.0,33.8,36.1,2.3,2.2,98,2021-10-27 19:00,nan,0.3,11,21,1.0,121.507972,25.046503,13
萬華,臺北市,43,nan,良好,0.8,0.41,27.9,38.0,21.0,14.0,26.8,28.5,1.6,3,94,2021-10-27 18:00,nan,0.2,10,20,1.0,121.507972,25.046503,13
萬華,臺北市,40,nan,良好,0.6,0.34,30.5,38.0,21.0,14.0,24.2,26.3,2.0,2.4,108,2021-10-27 17:00,nan,0.2,10,21,1.0,121.507972,25.046503,13
萬華,臺北市,35,nan,良好,1.0,0.29,38.6,38.0,23.0,10.0,18.9,21.0,2.1,nan,nan,2021-10-27 16:00,nan,0.2,9,19,1.0,121.507972,25.046503,13
萬華,臺北市,33,nan,良好,0.6,0.26,42.5,36.0,22.0,9.0,14.4,16.2,1.8,nan,nan,2021-10-27 15:00,nan,0.3,8,18,1.0,121.507972,25.046503,13
萬華,臺北市,31,nan,良好,1.3,0.25,46.0,34.0,22.0,7.0,12.3,14.4,2.1,nan,nan,2021-10-27 14:00,nan,0.3,7,18,1.0,121.507972,25.046503,13
萬華,臺北市,30,nan,良好,4.9,0.24,40.5,32.0,9.0,10.0,nan,nan,nan,nan,nan,2021-10-27 13:00,nan,0.2,7,17,1.0,121.507972,25.046503,13
萬華,臺北市,30,nan,良好,nan,nan,41.8,32.0,nan,4.0,nan,nan,nan,3.1,91,2021-10-27 12:00,nan,0.2,7,19,1.0,121.507972,25.046503,13
萬華,臺北市,29,nan,良好,3.3,0.24,41.2,31.0,21.0,nan,nan,nan,nan,3.7,107,2021-10-27 11:00,nan,0.2,8,19,0.0,121.507972,25.046503,13
萬華,臺北市,38,nan,良好,1.3,0.34,29.1,30.0,20.0,8.0,23.7,30.2,6.5,3.1,107,2021-10-27 10:00,nan,0.2,8,19,0.0,121.507972,25.046503,13
萬華,臺北市,37,nan,良好,3.0,0.38,28.1,31.0,17.0,9.0,22.8,27.9,5.1,2.7,101,2021-10-27 09:00,nan,0.2,9,20,0.0,121.507972,25.046503,13
萬華,臺北市,45,nan,良好,0.7,0.39,23.1,32.0,22.0,7.0,27.1,31.7,4.6,2.7,109,2021-10-27 08:00,nan,0.2,8,20,0.0,121.507972,25.046503,13
萬華,臺北市,31,nan,良好,0.7,0.26,25.1,34.0,22.0,11.0,17.8,19.5,1.7,2,102,2021-10-27 07:00,nan,0.2,8,20,0.0,121.507972,25.046503,13
萬華,臺北市,31,nan,良好,0.6,0.2,33.1,33.0,22.0,11.0,10.1,10.7,0.5,1.8,108,2021-10-27 06:00,nan,0.2,7,20,0.0,121.507972,25.046503,13
萬華,臺北市,29,nan,良好,0.7,0.18,34.9,31.0,18.0,7.0,6.6,7.0,0.4,1.7,105,2021-10-27 05:00,nan,0.2,7,19,0.0,121.507972,25.046503,13
萬華,臺北市,27,nan,良好,0.8,0.19,36.2,29.0,21.0,3.0,6.4,6.9,0.4,1.4,93,2021-10-27 04:00,nan,0.3,7,19,0.0,121.507972,25.046503,13
萬華,臺北市,24,nan,良好,0.9,0.21,36.4,26.0,18.0,6.0,7.4,8.0,0.5,1.5,101,2021-10-27 03:00,nan,0.3,8,19,0.0,121.507972,25.046503,13
萬華,臺北市,26,nan,良好,0.9,0.23,33.4,23.0,14.0,6.0,10.5,11.0,0.4,1.5,94,2021-10-27 02:00,nan,0.3,8,19,0.0,121.507972,25.046503,13
萬華,臺北市,28,nan,良好,1.5,0.23,38.6,21.0,16.0,8.0,9.5,9.7,0.1,1.3,105,2021-10-27 01:00,nan,0.4,9,21,0.0,121.507972,25.046503,13
萬華,臺北市,28,nan,良好,1.1,0.24,35.7,19.0,22.0,6.0,14.0,14.7,0.7,1.8,99,2021-10-27 00:00,nan,0.4,9,22,0.0,121.507972,25.046503,13
萬華,臺北市,42,nan,良好,0.7,0.39,20.3,17.0,23.0,10.0,25.6,27.2,1.6,2.1,109,2021-10-26 23:00,nan,0.4,9,22.0,0.0,121.507972,25.046503,13
萬華,臺北市,43,nan,良好,0.7,0.43,19.8,17.0,23.0,9.0,26.5,28.9,2.4,1.8,93,2021-10-26 22:00,nan,0.4,9,22.0,0.0,121.507972,25.046503,13
萬華,臺北市,50,nan,良好,0.9,0.5,14.7,16.0,23.0,9.0,30.3,33.7,3.3,2.3,96,2021-10-26 21:00,nan,0.4,9,22.0,0.0,121.507972,25.046503,13
萬華,臺北市,51,二氧化氮,普通,0.8,0.54,13.4,nan,27.0,9.0,31.9,36.6,4.7,2.1,98,2021-10-26 20:00,nan,0.3,9,22.0,0.0,121.507972,25.046503,13
萬華,臺北市,52,二氧化氮,普通,0.8,0.6,13.7,nan,23.0,11.0,32.9,37.3,4.4,2.3,98,2021-10-26 19:00,nan,0.3,9,21.0,0.0,121.507972,25.046503,13
萬華,臺北市,52,二氧化氮,普通,0.7,0.51,14.5,nan,20.0,12.0,32.6,36.6,3.9,2,96,2021-10-26 18:00,nan,0.3,8,20.0,0.0,121.507972,25.046503,13
萬華,臺北市,35,nan,良好,0.7,0.31,27.3,nan,22.0,9.0,21.2,24.1,2.8,2.5,95,2021-10-26 17:00,nan,0.2,8,20.0,0.0,121.507972,25.046503,13
萬華,臺北市,25,nan,良好,0.7,0.27,nan,nan,21.0,8.0,nan,nan,nan,3.2,100,2021-10-26 16:00,nan,0.3,8,19.0,0.0,121.507972,25.046503,13
萬華,臺北市,24,nan,良好,0.6,0.25,nan,26.0,20.0,7.0,13.8,17.5,3.7,2.7,92,2021-10-26 15:00,nan,0.3,7,19.0,0.0,121.507972,25.046503,13
萬華,臺北市,23,nan,良好,0.5,0.24,nan,25.0,20.0,11.0,13.5,17.3,3.7,3.2,83,2021-10-26 14:00,nan,0.3,7,18.0,0.0,121.507972,25.046503,13
萬華,臺北市,27,nan,良好,0.7,0.28,nan,27.0,21.0,8.0,16.0,20.7,4.7,2.6,107,2021-10-26 13:00,nan,0.3,6,19.0,0.0,121.507972,25.046503,13
萬華,臺北市,27,nan,良好,0.6,0.27,33.2,29.0,20.0,4.0,15.1,20.4,5.2,2.9,100,2021-10-26 12:00,nan,0.3,7,18.0,0.0,121.507972,25.046503,13
萬華,臺北市,30,nan,良好,0.6,0.3,29.8,30.0,21.0,5.0,18.8,25.5,6.6,2.8,85,2021-10-26 11:00,nan,0.2,7,18.0,0.0,121.507972,25.046503,13
萬華,臺北市,42,nan,良好,0.7,0.41,22.5,31.0,24.0,8.0,25.3,33.9,8.5,2.6,87,2021-10-26 10:00,nan,0.2,7,17.0,0.0,121.507972,25.046503,13
萬華,臺北市,42,nan,良好,0.5,0.47,22.7,32.0,22.0,10.0,25.0,31.4,6.3,2,103,2021-10-26 09:00,nan,0.2,7,14.0,0.0,121.507972,25.046503,13
萬華,臺北市,38,nan,良好,0.5,0.41,23.0,32.0,18.0,6.0,23.4,27.4,4.0,2,112,2021-10-26 08:00,nan,0.2,6,13.0,0.0,121.507972,25.046503,13
萬華,臺北市,30,nan,良好,0.5,0.28,24.4,30.0,14.0,6.0,18.4,20.2,1.8,1.3,123,2021-10-26 07:00,nan,0.2,6,12.0,0.0,121.507972,25.046503,13
萬華,臺北市,27,nan,良好,0.4,0.17,38.6,29.0,10.0,6.0,4.7,5.5,0.8,0.9,108,2021-10-26 06:00,nan,0.2,6,12.0,0.0,121.507972,25.046503,13
萬華,臺北市,25,nan,良好,0.5,0.16,40.9,27.0,10.0,6.0,3.5,4.2,0.6,1.2,105,2021-10-26 05:00,nan,0.3,7,12.0,0.0,121.507972,25.046503,13
萬華,臺北市,24,nan,良好,0.5,0.16,39.4,25.0,13.0,4.0,3.7,4.4,0.6,1.4,97,2021-10-26 04:00,nan,0.3,7,13.0,0.0,121.507972,25.046503,13
萬華,臺北市,26,nan,良好,0.6,0.17,38.1,22.0,13.0,6.0,4.4,5.2,0.8,1.4,99,2021-10-26 03:00,nan,0.3,8,13.0,0.0,121.507972,25.046503,13
萬華,臺北市,26,nan,良好,0.6,0.2,33.5,19.0,13.0,9.0,7.4,8.0,0.6,1.5,106,2021-10-26 02:00,nan,0.4,8,14.0,0.0,121.507972,25.046503,13
萬華,臺北市,40,nan,良好,0.5,0.4,20.0,17.0,16.0,9.0,24.4,26.7,2.3,1.3,117,2021-10-26 01:00,nan,0.4,8,14.0,0.0,121.507972,25.046503,13
萬華,臺北市,54,二氧化氮,普通,0.3,0.55,7.4,17.0,11.0,7.0,35.4,39.3,3.9,0.6,85,2021-10-26 00:00,nan,0.4,8,14.0,0.0,121.507972,25.046503,13
萬華,臺北市,38,nan,良好,0.3,0.39,19.5,19.0,11.0,6.0,23.5,24.6,1.1,0.7,105,2021-10-25 23:00,nan,0.4,8.0,14,0.0,121.507972,25.046503,13
萬華,臺北市,37,nan,良好,0.3,0.38,22.6,18.0,16.0,7.0,22.1,23.5,1.4,1.5,119,2021-10-25 22:00,nan,0.4,8.0,15,0.0,121.507972,25.046503,13
萬華,臺北市,43,nan,良好,0.7,0.45,20.3,18.0,13.0,8.0,26.8,29.6,2.7,1.9,119,2021-10-25 21:00,nan,0.4,9.0,14,0.0,121.507972,25.046503,13
萬華,臺北市,52,二氧化氮,普通,0.7,0.52,16.8,19.0,10.0,7.0,33.4,37.6,4.2,1.9,116,2021-10-25 20:00,nan,0.4,9.0,15,0.0,121.507972,25.046503,13
萬華,臺北市,52,二氧化氮,普通,1.4,0.52,16.8,20.0,16.0,10.0,33.1,36.7,3.6,2.1,115,2021-10-25 19:00,nan,0.4,10.0,16,0.0,121.507972,25.046503,13
萬華,臺北市,52,二氧化氮,普通,0.6,0.46,16.5,20.0,12.0,11.0,33.4,36.8,3.4,2.3,108,2021-10-25 18:00,nan,0.4,9.0,17,0.0,121.507972,25.046503,13
萬華,臺北市,50,nan,良好,0.3,0.41,18.1,20.0,18.0,11.0,30.4,33.5,3.1,2.1,94,2021-10-25 17:00,nan,0.4,9.0,18,0.0,121.507972,25.046503,13
萬華,臺北市,40,nan,良好,0.6,0.35,24.4,19.0,16.0,8.0,24.6,27.7,3.0,2.3,100,2021-10-25 16:00,nan,0.4,8.0,18,0.0,121.507972,25.046503,13
萬華,臺北市,51,二氧化氮,普通,0.5,0.48,15.1,17.0,31.0,10.0,31.9,39.3,7.3,2.4,100,2021-10-25 15:00,nan,0.4,8.0,17,0.0,121.507972,25.046503,13
萬華,臺北市,40,nan,良好,0.4,0.38,22.0,17.0,20.0,11.0,24.6,28.3,3.7,1.3,97,2021-10-25 14:00,nan,0.4,8.0,14,0.0,121.507972,25.046503,13
萬華,臺北市,33,nan,良好,0.4,0.33,27.7,17.0,15.0,6.0,20.4,23.8,3.3,1.5,100,2021-10-25 13:00,nan,0.4,7.0,13,0.0,121.507972,25.046503,13
萬華,臺北市,42,nan,良好,0.5,0.37,22.1,15.0,15.0,9.0,25.8,31.3,5.5,2.2,107,2021-10-25 12:00,nan,0.4,8.0,14,0.0,121.507972,25.046503,13
萬華,臺北市,48,nan,良好,0.5,0.43,17.8,14.0,13.0,7.0,29.9,38.7,8.8,1.5,98,2021-10-25 11:00,nan,0.4,8.0,14,0.0,121.507972,25.046503,13
萬華,臺北市,54,二氧化氮,普通,0.6,0.56,12.8,15.0,12.0,6.0,35.7,45.3,9.6,1.1,122,2021-10-25 10:00,nan,0.4,8.0,14,0.0,121.507972,25.046503,13
萬華,臺北市,55,二氧化氮,普通,0.5,0.67,11.0,18.0,18.0,11.0,36.8,44.7,7.9,0.6,131,2021-10-25 09:00,nan,0.4,8.0,14,0.0,121.507972,25.046503,13
萬華,臺北市,51,二氧化氮,普通,0.4,0.76,8.9,18.0,15.0,9.0,31.1,35.2,4.0,0.3,43,2021-10-25 08:00,nan,0.4,8.0,13,0.0,121.507972,25.046503,13
萬華,臺北市,23,nan,良好,0.4,0.38,21.1,18.0,12.0,7.0,14.3,14.8,0.5,0.3,71,2021-10-25 07:00,nan,0.3,7.0,12,0.0,121.507972,25.046503,13
萬華,臺北市,22,nan,良好,0.4,0.25,nan,15.0,13.0,6.0,7.7,8.0,0.3,0.5,160,2021-10-25 06:00,nan,0.4,7.0,12,0.0,121.507972,25.046503,13
萬華,臺北市,22,nan,良好,0.4,0.21,nan,13.0,12.0,5.0,6.4,6.7,0.2,0.5,343,2021-10-25 05:00,nan,0.5,7.0,11,0.0,121.507972,25.046503,13
萬華,臺北市,25,nan,良好,0.4,0.28,nan,12.0,10.0,6.0,10.8,11.2,0.4,0.8,164,2021-10-25 04:00,nan,0.5,8.0,13,0.0,121.507972,25.046503,13
萬華,臺北市,27,nan,良好,0.4,0.35,23.0,13.0,9.0,6.0,12.7,13.3,0.5,0.4,351,2021-10-25 03:00,nan,0.6,8.0,14,0.0,121.507972,25.046503,13
萬華,臺北市,30,nan,良好,0.4,0.31,26.6,12.0,9.0,7.0,11.5,12.0,0.5,0.3,61,2021-10-25 02:00,nan,0.6,9.0,15,0.0,121.507972,25.046503,13
萬華,臺北市,50,nan,良好,0.7,0.68,12.1,12.0,28.0,10.0,30.5,32.4,1.9,1.6,174,2021-10-25 01:00,nan,0.6,9.0,16,0.0,121.507972,25.046503,13
萬華,臺北市,50,nan,良好,0.5,0.65,9.8,12.0,17.0,12.0,30.7,32.6,1.8,0.5,145,2021-10-25 00:00,nan,0.6,9.0,14,0.0,121.507972,25.046503,13
萬華,臺北市,55,二氧化氮,普通,0.5,0.84,4.3,14,18.0,13.0,37.5,43.7,6.2,0.8,330,2021-10-24 23:00,nan,0.5,8.0,12.0,0.0,121.507972,25.046503,13
萬華,臺北市,55,二氧化氮,普通,0.5,0.85,3.7,17,14.0,9.0,37.0,41.6,4.6,1,300,2021-10-24 22:00,nan,0.5,7.0,11.0,0.0,121.507972,25.046503,13
萬華,臺北市,54,二氧化氮,普通,0.6,0.71,8.5,20,18.0,9.0,35.6,38.9,3.3,0.5,143,2021-10-24 21:00,nan,0.4,7.0,10.0,0.0,121.507972,25.046503,13
萬華,臺北市,48,nan,良好,0.5,0.49,16.1,23,9.0,7.0,29.3,31.4,2.0,0.3,6,2021-10-24 20:00,nan,0.4,6.0,8.0,0.0,121.507972,25.046503,13
萬華,臺北市,43,nan,良好,0.5,0.44,22.1,24,7.0,5.0,26.7,28.7,2.0,1.1,108,2021-10-24 19:00,nan,0.4,6.0,8.0,0.0,121.507972,25.046503,13
萬華,臺北市,42,nan,良好,0.5,0.41,20.3,24,7.0,6.0,25.1,27.1,2.0,0.8,128,2021-10-24 18:00,nan,0.4,6.0,9.0,0.0,121.507972,25.046503,13
萬華,臺北市,47,nan,良好,0.6,0.5,17.6,24,9.0,6.0,28.1,30.5,2.3,1.5,101,2021-10-24 17:00,nan,0.4,6.0,9.0,0.0,121.507972,25.046503,13
萬華,臺北市,35,nan,良好,0.6,0.5,24.2,26,8.0,7.0,21.8,23.7,1.8,0.5,127,2021-10-24 16:00,nan,0.4,6.0,9.0,0.0,121.507972,25.046503,13
萬華,臺北市,32,nan,良好,0.6,0.47,28.0,26,14.0,5.0,19.7,21.7,1.9,0.6,339,2021-10-24 15:00,nan,0.4,6.0,9.0,0.0,121.507972,25.046503,13
萬華,臺北市,33,nan,良好,0.6,0.43,27.6,27,10.0,6.0,20.1,22.7,2.6,0.6,321,2021-10-24 14:00,nan,0.3,6.0,8.0,0.0,121.507972,25.046503,13
萬華,臺北市,30,nan,良好,0.7,0.4,30.3,29,10.0,6.0,18.5,21.0,2.4,0.3,60,2021-10-24 13:00,nan,0.3,6.0,8.0,0.0,121.507972,25.046503,13
萬華,臺北市,38,nan,良好,0.7,0.47,26.4,30,9.0,8.0,23.8,27.2,3.4,0.7,307,2021-10-24 12:00,nan,0.3,6.0,7.0,0.0,121.507972,25.046503,13
萬華,臺北市,42,nan,良好,0.7,0.51,22.3,32,10.0,8.0,25.5,28.7,3.2,1,317,2021-10-24 11:00,nan,0.3,6.0,7.0,0.0,121.507972,25.046503,13
萬華,臺北市,45,nan,良好,0.7,0.48,21.4,34,6.0,5.0,27.4,30.6,3.1,0.7,326,2021-10-24 10:00,nan,0.2,6.0,7.0,0.0,121.507972,25.046503,13
萬華,臺北市,35,nan,良好,0.7,0.34,27.8,36,8.0,5.0,21.9,24.0,2.1,0.6,86,2021-10-24 09:00,nan,0.2,6.0,7.0,0.0,121.507972,25.046503,13
萬華,臺北市,34,nan,良好,0.8,0.31,30.3,37,7.0,5.0,18.2,19.5,1.3,0.6,117,2021-10-24 08:00,nan,0.2,6.0,8.0,0.0,121.507972,25.046503,13
萬華,臺北市,34,nan,良好,0.9,0.25,36.8,37,5.0,6.0,10.8,11.8,0.9,1.2,99,2021-10-24 07:00,nan,0.2,6.0,8.0,0.0,121.507972,25.046503,13
萬華,臺北市,34,nan,良好,0.8,0.23,38.7,37,5.0,6.0,7.7,8.3,0.5,0.9,115,2021-10-24 06:00,nan,0.2,6.0,8.0,0.0,121.507972,25.046503,13
萬華,臺北市,33,nan,良好,0.7,0.22,40.3,36,9.0,4.0,6.8,7.4,0.5,1.6,100,2021-10-24 05:00,nan,0.2,7.0,9.0,0.0,121.507972,25.046503,13
萬華,臺北市,32,nan,良好,0.8,0.22,41.4,35,4.0,3.0,7.5,8.2,0.7,1.6,112,2021-10-24 04:00,nan,0.2,8.0,10.0,0.0,121.507972,25.046503,13
萬華,臺北市,31,nan,良好,0.8,0.22,40.4,34,5.0,6.0,7.6,8.2,0.6,1.7,105,2021-10-24 03:00,nan,0.2,9.0,12.0,0.0,121.507972,25.046503,13
萬華,臺北市,31,nan,良好,0.8,0.24,37.6,33,10.0,8.0,10.0,10.5,0.4,2.1,98,2021-10-24 02:00,nan,0.3,10.0,14.0,0.0,121.507972,25.046503,13
萬華,臺北市,32,nan,良好,0.4,0.28,34.7,32,13.0,10.0,12.5,13.4,0.8,1.7,112,2021-10-24 01:00,nan,0.3,10.0,15.0,0.0,121.507972,25.046503,13
萬華,臺北市,31,nan,良好,0.4,0.32,33.7,31,14.0,8.0,15.7,16.6,0.9,2,104,2021-10-24 00:00,nan,0.3,10.0,15.0,0.0,121.507972,25.046503,13
萬華,臺北市,31,nan,良好,0.4,0.32,33.7,30.0,14.0,11.0,16.4,17.7,1.2,2,92,2021-10-23 23:00,nan,0.3,10,15,0.0,121.507972,25.046503,13
萬華,臺北市,31,nan,良好,0.5,0.32,33.7,29.0,16.0,11.0,17.0,18.2,1.1,2.2,99,2021-10-23 22:00,nan,0.3,10,15,0.0,121.507972,25.046503,13
萬華,臺北市,30,nan,良好,0.6,0.33,32.4,29.0,16.0,8.0,17.6,19.0,1.3,1.9,93,2021-10-23 21:00,nan,0.3,9,15,0.0,121.507972,25.046503,13
萬華,臺北市,33,nan,良好,0.5,0.34,31.4,30.0,13.0,8.0,18.8,20.4,1.5,1.8,104,2021-10-23 20:00,nan,0.3,10,15,0.0,121.507972,25.046503,13
萬華,臺北市,34,nan,良好,0.5,0.34,32.5,30.0,15.0,10.0,19.0,20.7,1.6,2.8,101,2021-10-23 19:00,nan,0.3,10,17,0.0,121.507972,25.046503,13
萬華,臺北市,37,nan,良好,0.6,0.39,27.6,29.0,11.0,10.0,22.6,24.6,2.0,2.9,100,2021-10-23 18:00,nan,0.3,11,18,0.0,121.507972,25.046503,13
萬華,臺北市,37,nan,良好,0.7,0.36,27.4,30.0,20.0,14.0,22.4,24.5,2.1,2.2,85,2021-10-23 17:00,nan,0.3,11,19,0.0,121.507972,25.046503,13
萬華,臺北市,42,nan,良好,0.7,0.37,24.9,30.0,26.0,9.0,25.5,28.5,2.9,2.4,108,2021-10-23 16:00,nan,0.3,10,19,0.0,121.507972,25.046503,13
萬華,臺北市,35,nan,良好,0.6,0.36,28.5,32.0,20.0,14.0,21.6,24.7,3.1,1.5,94,2021-10-23 15:00,nan,0.3,10,17,0.0,121.507972,25.046503,13
萬華,臺北市,33,nan,良好,0.6,0.36,32.8,32.0,16.0,8.0,20.0,22.9,2.8,1.8,92,2021-10-23 14:00,nan,0.3,10,16,0.0,121.507972,25.046503,13
萬華,臺北市,33,nan,良好,0.6,0.33,35.4,33.0,17.0,7.0,16.7,19.4,2.7,2.1,103,2021-10-23 13:00,nan,nan,10,16,0.0,121.507972,25.046503,13
萬華,臺北市,36,nan,良好,0.6,0.34,32.7,35.0,14.0,10.0,20.8,24.0,3.1,3.1,96,2021-10-23 12:00,nan,nan,11,17,0.0,121.507972,25.046503,13
萬華,臺北市,36,nan,良好,0.6,0.36,30.0,37.0,15.0,8.0,21.6,24.7,3.1,2.2,102,2021-10-23 11:00,nan,nan,11,17,0.0,121.507972,25.046503,13
萬華,臺北市,39,nan,良好,0.7,nan,29.9,39.0,16.0,11.0,20.8,23.5,2.7,2.2,103,2021-10-23 10:00,nan,nan,12,19,0.0,121.507972,25.046503,13
萬華,臺北市,40,nan,良好,1.0,nan,31.3,40.0,17.0,11.0,17.5,19.4,1.9,2.2,103,2021-10-23 09:00,nan,nan,12,19,0.0,121.507972,25.046503,13
萬華,臺北市,41,nan,良好,1.0,nan,35.7,42.0,17.0,11.0,15.4,16.9,1.4,2.6,96,2021-10-23 08:00,nan,nan,13,20,0.0,121.507972,25.046503,13
萬華,臺北市,42,nan,良好,0.6,nan,33.0,42.0,25.0,14.0,14.7,15.8,1.0,1.9,89,2021-10-23 07:00,nan,nan,13,20,0.0,121.507972,25.046503,13
萬華,臺北市,41,nan,良好,0.6,nan,43.4,43.0,21.0,12.0,6.1,7.0,0.8,0.9,76,2021-10-23 06:00,nan,nan,13,19,0.0,121.507972,25.046503,13
萬華,臺北市,42,nan,良好,0.7,nan,46.9,42.0,19.0,14.0,5.1,6.0,0.8,1.2,88,2021-10-23 05:00,nan,nan,13,18,0.0,121.507972,25.046503,13
萬華,臺北市,41,nan,良好,0.6,nan,47.1,40.0,21.0,13.0,5.5,6.3,0.8,2,89,2021-10-23 04:00,nan,nan,12,19,0.0,121.507972,25.046503,13
萬華,臺北市,38,nan,良好,0.7,nan,46.6,38.0,16.0,12.0,6.4,7.3,0.9,1.9,103,2021-10-23 03:00,nan,nan,12,19,0.0,121.507972,25.046503,13
萬華,臺北市,37,nan,良好,0.8,nan,43.0,36.0,16.0,14.0,7.8,8.7,0.9,1.3,101,2021-10-23 02:00,nan,nan,11,19,0.0,121.507972,25.046503,13
萬華,臺北市,36,nan,良好,0.6,nan,41.7,34.0,32.0,15.0,11.9,12.5,0.5,1.2,100,2021-10-23 01:00,nan,nan,11,18,0.0,121.507972,25.046503,13
萬華,臺北市,33,nan,良好,0.4,nan,37.5,33.0,21.0,10.0,16.8,17.5,0.6,1.1,102,2021-10-23 00:00,nan,nan,10,15,0.0,121.507972,25.046503,13
萬華,臺北市,33,nan,良好,0.5,nan,38.4,31.0,21.0,12.0,18.2,19.0,0.8,2.4,101,2021-10-22 23:00,nan,nan,10.0,14.0,0.0,121.507972,25.046503,13
萬華,臺北市,33,nan,良好,0.5,nan,35.8,30.0,11.0,14.0,20.5,21.5,1.0,2.6,103,2021-10-22 22:00,nan,nan,10.0,13.0,0.0,121.507972,25.046503,13
萬華,臺北市,37,nan,良好,0.6,nan,34.5,29.0,15.0,11.0,22.0,23.5,1.4,2.3,105,2021-10-22 21:00,nan,nan,9.0,13.0,0.0,121.507972,25.046503,13
萬華,臺北市,40,nan,良好,0.7,nan,31.9,29.0,16.0,11.0,24.6,26.5,1.8,2.6,110,2021-10-22 20:00,nan,nan,8.0,12.0,0.0,121.507972,25.046503,13
萬華,臺北市,43,nan,良好,0.5,nan,28.2,28.0,18.0,13.0,26.4,28.4,2.0,2.3,101,2021-10-22 19:00,nan,nan,7.0,12.0,0.0,121.507972,25.046503,13
萬華,臺北市,38,nan,良好,0.4,0.59,31.1,26.0,13.0,10.0,23.5,25.2,1.7,2.9,112,2021-10-22 18:00,nan,0.5,6.0,10.0,0.0,121.507972,25.046503,13
萬華,臺北市,38,nan,良好,0.5,0.59,29.5,22.0,11.0,5.0,23.6,25.5,1.9,2.6,97,2021-10-22 17:00,nan,0.6,5.0,9.0,0.0,121.507972,25.046503,13
萬華,臺北市,40,nan,良好,0.4,0.59,26.5,19.0,16.0,3.0,24.4,26.8,2.4,1.9,98,2021-10-22 16:00,nan,0.6,5.0,8.0,0.0,121.507972,25.046503,13
萬華,臺北市,17,nan,良好,0.4,0.59,29.9,17.0,8.0,4.0,nan,nan,nan,2.2,104,2021-10-22 15:00,nan,0.6,5.0,6.0,0.0,121.507972,25.046503,13
萬華,臺北市,18,nan,良好,nan,0.59,28.2,15.0,8.0,5.0,nan,nan,nan,2.4,113,2021-10-22 14:00,nan,0.5,6.0,6.0,0.0,121.507972,25.046503,13
萬華,臺北市,20,nan,良好,nan,0.59,nan,14.0,6.0,5.0,nan,nan,nan,1.7,120,2021-10-22 13:00,nan,0.5,6.0,6.0,0.0,121.507972,25.046503,13
萬華,臺北市,43,nan,良好,nan,0.59,nan,15.0,nan,7.0,26.2,32.8,6.6,1.9,115,2021-10-22 12:00,nan,0.5,6.0,7.0,0.0,121.507972,25.046503,13
萬華,臺北市,20,nan,良好,0.6,0.61,14.3,16.0,7.0,nan,nan,nan,nan,1.1,111,2021-10-22 11:00,nan,0.4,6.0,6.0,0.0,121.507972,25.046503,13
萬華,臺北市,52,二氧化氮,普通,0.7,0.77,8.5,17.0,9.0,10.0,33.4,42.7,9.2,0.7,273,2021-10-22 10:00,nan,0.4,6.0,6.0,0.0,121.507972,25.046503,13
萬華,臺北市,50,nan,良好,0.6,0.71,10.4,19.0,11.0,7.0,30.9,36.2,5.2,1,318,2021-10-22 09:00,nan,0.3,4.0,5.0,0.0,121.507972,25.046503,13
萬華,臺北市,37,nan,良好,0.6,0.42,15.2,21.0,4.0,6.0,22.6,26.0,3.4,1.2,292,2021-10-22 08:00,nan,0.3,4.0,4.0,0.0,121.507972,25.046503,13
萬華,臺北市,27,nan,良好,0.6,0.32,17.0,22.0,4.0,5.0,16.4,18.3,1.9,0.9,141,2021-10-22 07:00,nan,0.3,4.0,4.0,0.0,121.507972,25.046503,13
萬華,臺北市,20,nan,良好,0.6,0.31,19.3,22.0,6.0,2.0,10.3,11.4,1.0,0.7,335,2021-10-22 06:00,nan,0.3,4.0,5.0,0.0,121.507972,25.046503,13
萬華,臺北市,20,nan,良好,0.6,0.28,23.5,22.0,4.0,2.0,8.2,8.9,0.6,0.6,233,2021-10-22 05:00,nan,0.3,4.0,5.0,0.0,121.507972,25.046503,13
萬華,臺北市,19,nan,良好,0.6,0.28,24.1,21.0,5.0,5.0,8.9,9.7,0.8,0.7,177,2021-10-22 04:00,nan,0.3,5.0,5.0,0.0,121.507972,25.046503,13
萬華,臺北市,18,nan,良好,0.6,0.29,23.3,19.0,7.0,6.0,9.8,10.5,0.7,0.7,335,2021-10-22 03:00,nan,0.3,5.0,6.0,0.0,121.507972,25.046503,13
萬華,臺北市,16,nan,良好,0.6,0.34,24.0,17.0,4.0,2.0,9.9,10.7,0.7,0.8,323,2021-10-22 02:00,nan,0.4,4.0,5.0,0.0,121.507972,25.046503,13
萬華,臺北市,20,nan,良好,0.4,0.34,23.2,16.0,6.0,4.0,12.7,13.4,0.6,0.4,119,2021-10-22 01:00,nan,0.4,5.0,5.0,1.0,121.507972,25.046503,13
萬華,臺北市,25,nan,良好,0.6,0.34,21.8,15.0,3.0,3.0,15.6,17.0,1.3,0.9,111,2021-10-22 00:00,nan,0.5,5.0,6.0,1.0,121.507972,25.046503,13
萬華,臺北市,38,nan,良好,0.6,0.38,18.6,15.0,3.0,3.0,23.3,24.9,1.5,0.6,98,2021-10-21 23:00,nan,0.5,6.0,7.0,1.0,121.507972,25.046503,13
萬華,臺北市,38,nan,良好,0.6,0.37,20.6,15.0,4.0,5.0,23.5,25.2,1.6,1.2,70,2021-10-21 22:00,nan,0.5,6.0,8.0,1.0,121.507972,25.046503,13
萬華,臺北市,45,nan,良好,0.6,0.44,16.5,15.0,5.0,6.0,27.4,29.0,1.5,0.6,80,2021-10-21 21:00,nan,0.5,7.0,10.0,1.0,121.507972,25.046503,13
萬華,臺北市,52,二氧化氮,普通,0.6,0.62,10.2,15.0,8.0,7.0,32.7,36.3,3.6,0.9,325,2021-10-21 20:00,nan,0.5,7.0,12.0,1.0,121.507972,25.046503,13
萬華,臺北市,54,二氧化氮,普通,0.7,0.78,7.0,16.0,10.0,7.0,35.1,40.2,5.1,0.7,108,2021-10-21 19:00,nan,0.5,8.0,13.0,1.0,121.507972,25.046503,13
萬華,臺北市,47,nan,良好,0.7,0.62,14.7,19.0,5.0,6.0,28.1,30.1,1.9,1.2,174,2021-10-21 18:00,nan,0.4,8.0,14.0,1.0,121.507972,25.046503,13
萬華,臺北市,43,nan,良好,0.6,0.51,15.6,20.0,17.0,9.0,26.1,28.5,2.3,0.7,345,2021-10-21 17:00,nan,0.4,8.0,15.0,1.0,121.507972,25.046503,13
萬華,臺北市,35,nan,良好,0.7,0.4,21.3,21.0,16.0,10.0,21.7,23.9,2.2,0.7,311,2021-10-21 16:00,nan,0.4,8.0,14.0,2.0,121.507972,25.046503,13
萬華,臺北市,23,nan,良好,nan,nan,17.0,21.0,nan,nan,nan,nan,nan,0.8,288,2021-10-21 15:00,nan,0.4,7.0,14.0,2.0,121.507972,25.046503,13
萬華,臺北市,32,nan,良好,0.5,0.38,21.6,21.0,9.0,5.0,19.0,21.3,2.3,1.1,167,2021-10-21 14:00,nan,0.4,7.0,15.0,2.0,121.507972,25.046503,13
萬華,臺北市,45,nan,良好,0.7,0.45,15.4,23.0,13.0,8.0,27.2,31.5,4.2,0.9,344,2021-10-21 13:00,nan,0.4,8.0,19.0,2.0,121.507972,25.046503,13
萬華,臺北市,33,nan,良好,0.7,0.44,22.1,24.0,13.0,6.0,20.0,22.8,2.8,1.3,35,2021-10-21 12:00,nan,0.3,9.0,20.0,2.0,121.507972,25.046503,13
萬華,臺北市,30,nan,良好,0.6,0.41,25.0,24.0,23.0,6.0,18.9,21.6,2.7,2.4,303,2021-10-21 11:00,nan,0.3,9.0,21.0,2.0,121.507972,25.046503,13
萬華,臺北市,30,nan,良好,0.5,0.42,24.3,24.0,30.0,10.0,18.8,21.6,2.7,1.7,317,2021-10-21 10:00,nan,0.3,9.0,20.0,2.0,121.507972,25.046503,13
萬華,臺北市,32,nan,良好,0.5,0.53,21.5,22.0,20.0,11.0,19.2,21.7,2.5,1.6,308,2021-10-21 09:00,nan,0.3,9.0,17.0,2.0,121.507972,25.046503,13
萬華,臺北市,28,nan,良好,0.6,0.46,22.5,20.0,17.0,9.0,16.5,18.1,1.6,1.9,303,2021-10-21 08:00,nan,0.3,9.0,16.0,2.0,121.507972,25.046503,13
萬華,臺北市,26,nan,良好,0.6,0.34,23.5,18.0,17.0,6.0,12.7,13.5,0.8,1.8,334,2021-10-21 07:00,nan,0.4,8.0,16.0,2.0,121.507972,25.046503,13
萬華,臺北市,27,nan,良好,1.2,0.25,30.7,16.0,14.0,7.0,8.8,9.5,0.6,2.4,305,2021-10-21 06:00,nan,0.4,8.0,16.0,2.0,121.507972,25.046503,13
萬華,臺北市,30,nan,良好,4.0,0.28,29.9,13.0,16.0,10.0,12.0,12.5,0.5,1.7,287,2021-10-21 05:00,nan,0.4,9.0,17.0,2.0,121.507972,25.046503,13
萬華,臺北市,31,nan,良好,2.9,0.34,21.5,11.0,22.0,7.0,16.0,17.0,0.9,0.7,278,2021-10-21 04:00,nan,0.5,9.0,18.0,2.0,121.507972,25.046503,13
萬華,臺北市,31,nan,良好,1.7,0.35,21.5,10.0,15.0,9.0,15.9,16.7,0.7,1.4,285,2021-10-21 03:00,nan,0.5,10.0,17.0,2.0,121.507972,25.046503,13
萬華,臺北市,37,nan,良好,2.4,0.44,10.4,10.0,21.0,15.0,22.6,24.8,2.1,1.2,293,2021-10-21 02:00,nan,0.5,9.0,17.0,2.0,121.507972,25.046503,13
萬華,臺北市,51,二氧化氮,普通,5.0,0.73,2.1,11.0,25.0,13.0,31.4,34.9,3.5,1.2,292,2021-10-21 01:00,nan,0.5,8.0,15.0,2.0,121.507972,25.046503,13
萬華,臺北市,50,nan,良好,3.6,0.67,4.7,13.0,21.0,10.0,30.0,32.1,2.1,0.6,285,2021-10-21 00:00,nan,0.4,8.0,13.0,2.0,121.507972,25.046503,13
萬華,臺北市,47,nan,良好,2.0,0.57,9.8,16.0,15.0,8.0,28.1,30.2,2.0,0.9,336,2021-10-20 23:00,nan,0.4,7.0,11,1.0,121.507972,25.046503,13
萬華,臺北市,50,nan,良好,2.7,0.48,11.2,18.0,13.0,9.0,30.3,33.3,2.9,0.7,158,2021-10-20 22:00,nan,0.4,6.0,10,1.0,121.507972,25.046503,13
萬華,臺北市,50,nan,良好,3.0,0.45,11.7,21.0,13.0,8.0,30.7,33.7,3.0,0.7,81,2021-10-20 21:00,nan,0.3,5.0,10,1.0,121.507972,25.046503,13
萬華,臺北市,48,nan,良好,1.1,0.49,14.8,24.0,8.0,4.0,29.4,32.8,3.4,1.7,111,2021-10-20 20:00,nan,0.3,5.0,10,1.0,121.507972,25.046503,13
萬華,臺北市,45,nan,良好,1.2,0.53,18.0,26.0,11.0,4.0,27.5,31.7,4.1,1.8,108,2021-10-20 19:00,nan,0.3,5.0,10,1.0,121.507972,25.046503,13
萬華,臺北市,37,nan,良好,2.6,0.44,21.6,27.0,9.0,4.0,22.6,26.0,3.4,1.9,97,2021-10-20 18:00,nan,0.3,5.0,9,1.0,121.507972,25.046503,13
萬華,臺北市,52,二氧化氮,普通,13.5,0.33,14.7,28.0,13.0,4.0,32.2,37.7,5.4,2.4,100,2021-10-20 17:00,nan,0.3,6.0,10,1.0,121.507972,25.046503,13
萬華,臺北市,33,nan,良好,3.4,0.3,26.6,28.0,10.0,6.0,20.1,23.4,3.2,2.6,103,2021-10-20 16:00,nan,0.3,7.0,10,1.0,121.507972,25.046503,13
萬華,臺北市,26,nan,良好,1.0,0.28,31.8,28.0,6.0,4.0,14.3,17.3,3.0,2,78,2021-10-20 15:00,nan,0.3,7.0,10,0.0,121.507972,25.046503,13
萬華,臺北市,26,nan,良好,1.3,0.26,36.0,28.0,7.0,8.0,12.3,16.3,3.9,2.7,92,2021-10-20 14:00,nan,0.3,7.0,11,0.0,121.507972,25.046503,13
萬華,臺北市,26,nan,良好,1.5,0.29,32.5,28.0,11.0,9.0,15.1,20.0,4.9,3.4,92,2021-10-20 13:00,nan,0.3,7.0,12,0.0,121.507972,25.046503,13
萬華,臺北市,27,nan,良好,0.9,0.28,32.5,29.0,10.0,5.0,14.1,18.8,4.6,2.1,93,2021-10-20 12:00,nan,0.3,6.0,12,0.0,121.507972,25.046503,13
萬華,臺北市,30,nan,良好,1.4,0.34,27.5,29.0,12.0,7.0,18.5,23.7,5.2,3,97,2021-10-20 11:00,nan,0.3,7.0,12,0.0,121.507972,25.046503,13
萬華,臺北市,37,nan,良好,2.1,0.39,23.7,30.0,14.0,8.0,22.1,29.7,7.6,2.4,100,2021-10-20 10:00,nan,0.3,7.0,12,0.0,121.507972,25.046503,13
萬華,臺北市,37,nan,良好,1.1,0.46,21.2,32.0,10.0,5.0,22.5,28.9,6.4,2.5,92,2021-10-20 09:00,nan,0.2,7.0,14,0.0,121.507972,25.046503,13
萬華,臺北市,31,nan,良好,0.9,0.37,26.0,33.0,10.0,7.0,17.6,20.4,2.7,2.6,95,2021-10-20 08:00,nan,0.2,8.0,15,0.0,121.507972,25.046503,13
萬華,臺北市,31,nan,良好,1.1,0.26,28.3,34.0,13.0,9.0,13.4,14.8,1.3,2,94,2021-10-20 07:00,nan,0.2,7.0,16,0.0,121.507972,25.046503,13
萬華,臺北市,31,nan,良好,0.8,0.25,36.7,34.0,23.0,10.0,7.4,8.1,0.7,2,99,2021-10-20 06:00,nan,0.2,7.0,16,0.0,121.507972,25.046503,13
萬華,臺北市,31,nan,良好,0.8,0.23,38.4,33.0,20.0,10.0,5.7,6.4,0.7,2,100,2021-10-20 05:00,nan,0.2,6.0,13,0.0,121.507972,25.046503,13
萬華,臺北市,30,nan,良好,0.9,0.23,35.9,32.0,14.0,4.0,5.8,6.5,0.7,1.8,119,2021-10-20 04:00,nan,0.2,5.0,13,0.0,121.507972,25.046503,13
萬華,臺北市,28,nan,良好,0.7,0.23,35.9,30.0,13.0,5.0,6.2,7.0,0.8,1.3,104,2021-10-20 03:00,nan,0.3,6.0,13,0.0,121.507972,25.046503,13
萬華,臺北市,27,nan,良好,0.8,0.22,34.8,29.0,7.0,4.0,7.0,7.9,0.8,2.5,117,2021-10-20 02:00,nan,0.3,6.0,13,0.0,121.507972,25.046503,13
萬華,臺北市,26,nan,良好,0.5,0.25,34.4,28.0,21.0,6.0,9.5,10.1,0.6,2,104,2021-10-20 01:00,nan,0.3,6.0,14,0.0,121.507972,25.046503,13
萬華,臺北市,26,nan,良好,0.8,0.28,32.5,28.0,10.0,6.0,13.0,14.0,0.9,2,101,2021-10-20 00:00,nan,0.3,6.0,13,0.0,121.507972,25.046503,13
萬華,臺北市,26,nan,良好,0.8,0.33,28.2,28.0,13.0,7.0,15.7,17.1,1.3,2.1,98,2021-10-19 23:00,nan,0.3,6,14,0.0,121.507972,25.046503,13
萬華,臺北市,27,nan,良好,0.8,0.33,28.5,29.0,14.0,6.0,15.5,16.9,1.3,1.8,107,2021-10-19 22:00,nan,0.3,6,15,0.0,121.507972,25.046503,13
萬華,臺北市,30,nan,良好,0.7,0.35,26.2,30.0,14.0,7.0,18.3,20.0,1.7,1.9,104,2021-10-19 21:00,nan,0.3,7,15,0.0,121.507972,25.046503,13
萬華,臺北市,37,nan,良好,0.7,0.42,23.6,30.0,16.0,6.0,22.4,25.0,2.6,2.1,97,2021-10-19 20:00,nan,0.3,7,15,0.0,121.507972,25.046503,13
萬華,臺北市,35,nan,良好,0.7,0.43,25.4,32.0,14.0,8.0,21.6,23.9,2.3,1.7,104,2021-10-19 19:00,nan,0.2,7,15,0.0,121.507972,25.046503,13
萬華,臺北市,30,nan,良好,0.7,0.38,27.4,32.0,13.0,9.0,18.2,20.6,2.4,2.7,119,2021-10-19 18:00,nan,0.2,6,16,0.0,121.507972,25.046503,13
萬華,臺北市,30,nan,良好,0.7,0.28,33.5,32.0,14.0,6.0,14.5,16.8,2.3,2.2,104,2021-10-19 17:00,nan,0.2,6,16,0.0,121.507972,25.046503,13
萬華,臺北市,28,nan,良好,0.7,0.26,34.8,30.0,15.0,5.0,13.0,15.8,2.7,3.2,110,2021-10-19 16:00,nan,0.2,6,17,1.0,121.507972,25.046503,13
萬華,臺北市,25,nan,良好,0.7,0.25,35.3,27.0,17.0,3.0,11.4,14.6,3.2,2.6,88,2021-10-19 15:00,nan,0.3,6,17,1.0,121.507972,25.046503,13
萬華,臺北市,22,nan,良好,0.7,0.25,34.5,24.0,17.0,4.0,11.6,15.1,3.4,3.2,115,2021-10-19 14:00,nan,0.3,7,18,1.0,121.507972,25.046503,13
萬華,臺北市,26,nan,良好,0.7,0.26,33.2,21.0,18.0,6.0,11.9,15.0,3.1,2.8,93,2021-10-19 13:00,nan,0.3,8,19,1.0,121.507972,25.046503,13
萬華,臺北市,26,nan,良好,0.7,0.24,32.7,19.0,14.0,6.0,11.3,15.2,3.9,2.9,109,2021-10-19 12:00,nan,0.3,8,20,1.0,121.507972,25.046503,13
萬華,臺北市,27,nan,良好,0.7,0.25,31.9,16.0,23.0,8.0,12.5,17.2,4.6,2.9,102,2021-10-19 11:00,nan,0.3,8,21,1.0,121.507972,25.046503,13
萬華,臺北市,28,nan,良好,0.8,0.32,24.9,15.0,20.0,14.0,17.4,23.1,5.6,2.2,100,2021-10-19 10:00,nan,0.3,8,20,1.0,121.507972,25.046503,13
萬華,臺北市,43,nan,良好,1.0,0.48,14.9,15.0,22.0,6.0,26.4,35.9,9.4,2.1,106,2021-10-19 09:00,nan,0.3,7,20,1.0,121.507972,25.046503,13
萬華,臺北市,42,nan,良好,0.9,0.49,12.0,16.0,24.0,7.0,25.0,31.2,6.1,1.1,85,2021-10-19 08:00,nan,0.3,7,20,1.0,121.507972,25.046503,13
萬華,臺北市,25,nan,良好,0.7,0.31,9.0,16.0,15.0,7.0,15.5,18.0,2.5,1.3,167,2021-10-19 07:00,nan,0.2,8,20,1.0,121.507972,25.046503,13
萬華,臺北市,25,nan,良好,0.6,0.22,14.2,16.0,16.0,7.0,7.6,8.5,0.9,1.1,154,2021-10-19 06:00,nan,0.3,8,21,1.0,121.507972,25.046503,13
萬華,臺北市,27,nan,良好,1.0,0.3,14.6,15.0,21.0,7.0,16.2,17.2,0.9,1.1,164,2021-10-19 05:00,nan,0.3,8,22,1.0,121.507972,25.046503,13
萬華,臺北市,28,nan,良好,1.0,0.31,13.8,14.0,25.0,10.0,17.5,18.6,1.0,0.7,49,2021-10-19 04:00,nan,0.3,8,22,1.0,121.507972,25.046503,13
萬華,臺北市,25,nan,良好,0.7,0.24,23.5,14.0,21.0,8.0,9.8,10.6,0.8,1,74,2021-10-19 03:00,nan,0.3,8,22,1.0,121.507972,25.046503,13
萬華,臺北市,25,nan,良好,0.9,0.28,22.2,14.0,21.0,7.0,11.9,12.9,1.0,0.8,168,2021-10-19 02:00,nan,0.4,8,22,1.0,121.507972,25.046503,13
萬華,臺北市,30,nan,良好,1.8,0.3,21.1,13.0,21.0,7.0,18.2,19.0,0.8,0.8,79,2021-10-19 01:00,nan,0.4,8,23,1.0,121.507972,25.046503,13
萬華,臺北市,45,nan,良好,1.5,0.4,11.4,13.0,27.0,9.0,27.4,30.1,2.6,1.4,118,2021-10-19 00:00,nan,0.4,8,23,1.0,121.507972,25.046503,13
萬華,臺北市,48,nan,良好,1.4,0.46,8.4,16.0,23.0,9.0,29.5,34.0,4.5,1.3,113,2021-10-18 23:00,nan,0.4,8.0,22.0,1.0,121.507972,25.046503,13
萬華,臺北市,53,二氧化氮,普通,1.2,0.54,5.4,18.0,23.0,10.0,34.5,40.1,5.6,1.5,120,2021-10-18 22:00,nan,0.3,7.0,21.0,1.0,121.507972,25.046503,13
萬華,臺北市,47,nan,良好,0.9,0.48,10.4,21.0,23.0,7.0,28.8,32.0,3.2,1,105,2021-10-18 21:00,nan,0.3,7.0,21.0,1.0,121.507972,25.046503,13
萬華,臺北市,40,nan,良好,0.8,0.4,17.3,24.0,18.0,5.0,24.5,27.0,2.4,1.8,107,2021-10-18 20:00,nan,0.3,7.0,22.0,1.0,121.507972,25.046503,13
萬華,臺北市,35,nan,良好,0.9,0.47,18.7,25.0,19.0,6.0,21.3,25.1,3.7,1.6,103,2021-10-18 19:00,nan,0.3,8.0,22.0,1.0,121.507972,25.046503,13
萬華,臺北市,42,nan,良好,1.3,0.43,17.4,25.0,24.0,8.0,25.5,29.0,3.5,1.1,100,2021-10-18 18:00,nan,0.2,8.0,23.0,1.0,121.507972,25.046503,13
萬華,臺北市,37,nan,良好,2.6,0.31,20.9,25.0,27.0,10.0,22.1,24.8,2.7,1.8,102,2021-10-18 17:00,nan,0.2,8.0,22.0,1.0,121.507972,25.046503,13
萬華,臺北市,24,nan,良好,2.3,0.24,29.8,25.0,23.0,6.0,14.0,16.7,2.7,2.7,97,2021-10-18 16:00,nan,0.3,8.0,21.0,0.0,121.507972,25.046503,13
萬華,臺北市,27,nan,良好,1.4,0.28,27.0,23.0,24.0,7.0,16.6,21.0,4.4,2.6,96,2021-10-18 15:00,nan,0.3,8.0,21.0,0.0,121.507972,25.046503,13
萬華,臺北市,25,nan,良好,1.5,0.25,30.3,23.0,21.0,10.0,12.8,16.2,3.4,2.1,92,2021-10-18 14:00,nan,0.3,8.0,20.0,0.0,121.507972,25.046503,13
萬華,臺北市,23,nan,良好,1.1,0.23,32.4,22.0,23.0,7.0,11.9,16.1,4.2,3.1,101,2021-10-18 13:00,nan,0.3,7.0,20.0,0.0,121.507972,25.046503,13
萬華,臺北市,28,nan,良好,1.0,0.28,25.3,23.0,25.0,8.0,17.0,22.5,5.4,2.4,88,2021-10-18 12:00,nan,0.2,7.0,19.0,0.0,121.507972,25.046503,13
萬華,臺北市,33,nan,良好,1.1,0.32,22.9,24.0,24.0,8.0,20.2,28.9,8.7,2.5,96,2021-10-18 11:00,nan,0.2,7.0,17.0,0.0,121.507972,25.046503,13
萬華,臺北市,40,nan,良好,0.9,0.41,17.7,25.0,21.0,7.0,24.5,34.2,9.6,2.4,76,2021-10-18 10:00,nan,0.2,7.0,16.0,0.0,121.507972,25.046503,13
萬華,臺北市,40,nan,良好,0.9,0.48,16.8,27.0,20.0,9.0,24.4,31.6,7.1,1.8,95,2021-10-18 09:00,nan,0.2,7.0,15.0,0.0,121.507972,25.046503,13
萬華,臺北市,28,nan,良好,1.0,0.34,18.5,30.0,14.0,7.0,17.4,20.2,2.7,1.4,113,2021-10-18 08:00,nan,0.1,7.0,15.0,0.0,121.507972,25.046503,13
萬華,臺北市,29,nan,良好,1.2,0.2,27.0,31.0,20.0,9.0,9.7,10.9,1.1,1.4,114,2021-10-18 07:00,nan,0.1,7.0,13.0,0.0,121.507972,25.046503,13
萬華,臺北市,29,nan,良好,1.0,0.16,nan,31.0,14.0,6.0,4.8,5.2,0.3,2.3,120,2021-10-18 06:00,nan,0.1,6.0,13.0,0.0,121.507972,25.046503,13
萬華,臺北市,28,nan,良好,1.1,0.16,33.3,30.0,16.0,8.0,4.2,4.2,0.0,1.3,94,2021-10-18 05:00,nan,0.2,6.0,13.0,0.0,121.507972,25.046503,13
萬華,臺北市,27,nan,良好,1.2,0.16,32.5,29.0,3.0,7.0,4.5,4.8,0.2,1.3,80,2021-10-18 04:00,nan,0.2,6.0,13.0,0.0,121.507972,25.046503,13
萬華,臺北市,27,nan,良好,1.3,0.16,33.7,29.0,16.0,4.0,4.8,5.2,0.4,1.8,92,2021-10-18 03:00,nan,0.2,6.0,15.0,0.0,121.507972,25.046503,13
萬華,臺北市,26,nan,良好,1.3,0.17,33.8,28.0,14.0,5.0,5.1,5.6,0.4,2,115,2021-10-18 02:00,nan,0.2,6.0,14.0,0.0,121.507972,25.046503,13
萬華,臺北市,25,nan,良好,0.6,0.2,31.5,27.0,12.0,5.0,7.3,8.4,1.0,1.7,94,2021-10-18 01:00,nan,0.2,6.0,15.0,0.0,121.507972,25.046503,13
萬華,臺北市,26,nan,良好,0.6,0.25,27.5,28.0,13.0,5.0,12.0,13.1,1.1,1.5,104,2021-10-18 00:00,nan,0.2,7.0,16.0,0.0,121.507972,25.046503,13
萬華,臺北市,26,nan,良好,0.6,0.25,29.2,28.0,13.0,6.0,13.3,14.7,1.4,1.8,92,2021-10-17 23:00,nan,0.2,7,16,0,121.507972,25.046503,13
萬華,臺北市,27,nan,良好,0.7,0.29,25.5,29.0,17.0,8.0,16.8,18.4,1.6,1.8,98,2021-10-17 22:00,nan,0.2,8,17,0,121.507972,25.046503,13
萬華,臺北市,28,nan,良好,0.6,0.27,25.3,30.0,16.0,8.0,15.5,17.0,1.5,1.1,77,2021-10-17 21:00,nan,0.2,8,17,0,121.507972,25.046503,13
萬華,臺北市,29,nan,良好,0.5,0.29,26.9,31.0,18.0,9.0,14.0,15.6,1.6,2.1,95,2021-10-17 20:00,nan,0.2,8,18,0,121.507972,25.046503,13
萬華,臺北市,30,nan,良好,0.5,0.26,28.8,32.0,20.0,10.0,13.3,15.0,1.7,2.4,107,2021-10-17 19:00,nan,0.2,8,19,0,121.507972,25.046503,13
萬華,臺北市,31,nan,良好,0.4,0.28,28.9,33.0,20.0,7.0,13.4,15.1,1.6,2.8,88,2021-10-17 18:00,nan,0.2,7,18,0,121.507972,25.046503,13
萬華,臺北市,31,nan,良好,0.4,0.24,32.4,33.0,21.0,10.0,10.1,11.8,1.6,1.6,81,2021-10-17 17:00,nan,0.2,7,17,0,121.507972,25.046503,13
萬華,臺北市,31,nan,良好,0.6,0.23,32.9,33.0,25.0,8.0,10.0,11.9,1.9,2.4,80,2021-10-17 16:00,nan,0.2,6,17,0,121.507972,25.046503,13
萬華,臺北市,30,nan,良好,0.6,0.23,33.7,32.0,14.0,5.0,8.7,10.8,2.1,1.9,34,2021-10-17 15:00,nan,0.2,6,15,0,121.507972,25.046503,13
萬華,臺北市,30,nan,良好,0.6,0.23,34.0,32.0,15.0,5.0,8.2,10.3,2.1,1.8,61,2021-10-17 14:00,nan,0.2,6,15,0,121.507972,25.046503,13
萬華,臺北市,31,nan,良好,0.6,0.22,35.3,33.0,15.0,4.0,8.2,10.1,1.9,2.5,69,2021-10-17 13:00,nan,0.2,6,15,0,121.507972,25.046503,13
萬華,臺北市,31,nan,良好,0.6,0.21,35.2,33.0,12.0,6.0,7.6,9.6,2.0,1.7,60,2021-10-17 12:00,nan,0.2,7,14,0,121.507972,25.046503,13
萬華,臺北市,31,nan,良好,0.5,0.21,33.9,33.0,14.0,9.0,8.9,11.0,2.1,2.7,65,2021-10-17 11:00,nan,0.1,7,14,0,121.507972,25.046503,13
萬華,臺北市,31,nan,良好,0.5,0.22,30.4,34.0,18.0,5.0,10.1,12.0,1.9,2.3,117,2021-10-17 10:00,nan,0.1,6,14,0,121.507972,25.046503,13
萬華,臺北市,32,nan,良好,0.6,0.21,30.5,35.0,13.0,7.0,9.2,10.8,1.5,1.9,105,2021-10-17 09:00,nan,0.1,6,15,0,121.507972,25.046503,13
萬華,臺北市,33,nan,良好,0.5,0.2,30.6,36.0,12.0,7.0,8.9,10.1,1.2,1.8,77,2021-10-17 08:00,nan,0.1,7,17,0,121.507972,25.046503,13
萬華,臺北市,34,nan,良好,0.5,0.2,33.1,37.0,16.0,7.0,5.9,6.9,1.0,1.6,69,2021-10-17 07:00,nan,0.1,7,18,0,121.507972,25.046503,13
萬華,臺北市,34,nan,良好,0.4,0.18,36.4,37.0,26.0,7.0,3.5,4.3,0.7,1.1,72,2021-10-17 06:00,nan,0.2,8,17,0,121.507972,25.046503,13
萬華,臺北市,34,nan,良好,0.4,0.17,37.3,37.0,23.0,9.0,2.8,3.5,0.6,1.9,52,2021-10-17 05:00,nan,0.2,7,15,0,121.507972,25.046503,13
萬華,臺北市,33,nan,良好,0.5,0.18,39.1,36.0,15.0,8.0,2.8,3.7,0.8,1.4,70,2021-10-17 04:00,nan,0.2,6,13,0,121.507972,25.046503,13
萬華,臺北市,32,nan,良好,0.4,0.19,39.7,35.0,13.0,12.0,3.4,4.2,0.8,2.4,78,2021-10-17 03:00,nan,0.2,6,12,0,121.507972,25.046503,13
萬華,臺北市,32,nan,良好,0.5,0.2,39.2,35.0,8.0,5.0,4.0,4.9,0.8,1.7,66,2021-10-17 02:00,nan,0.2,4,11,0,121.507972,25.046503,13
萬華,臺北市,31,nan,良好,0.6,0.21,38.2,34.0,7.0,1.0,5.2,5.8,0.6,1.7,98,2021-10-17 01:00,nan,0.2,5,15,0,121.507972,25.046503,13
萬華,臺北市,30,nan,良好,0.6,0.24,34.0,32.0,8.0,1.0,8.9,9.8,0.9,1.9,64,2021-10-17 00:00,nan,0.2,6,17,0,121.507972,25.046503,13
萬華,臺北市,29,nan,良好,0.7,0.27,33.1,31,5.0,3,10.8,11.9,1.0,1.2,74,2021-10-16 23:00,nan,0.2,6,19,0,121.507972,25.046503,13
萬華,臺北市,27,nan,良好,0.6,0.24,36.3,29,28.0,7,9.8,11.0,1.2,2.3,83,2021-10-16 22:00,nan,0.2,7,21,0,121.507972,25.046503,13
萬華,臺北市,26,nan,良好,0.6,0.28,34.3,28,28.0,8,11.3,13.2,1.9,3.4,74,2021-10-16 21:00,nan,0.2,7,19,0,121.507972,25.046503,13
萬華,臺北市,25,nan,良好,0.6,0.32,32.9,27,20.0,4,13.9,15.9,1.9,3.1,71,2021-10-16 20:00,nan,0.2,8,17,0,121.507972,25.046503,13
萬華,臺北市,26,nan,良好,0.6,0.36,35.0,26,17.0,8,12.7,14.1,1.3,2.8,74,2021-10-16 19:00,nan,0.2,8,16,0,121.507972,25.046503,13
萬華,臺北市,26,nan,良好,0.6,0.37,30.0,24,17.0,11,14.9,16.5,1.6,1.3,73,2021-10-16 18:00,nan,0.2,8,17,0,121.507972,25.046503,13
萬華,臺北市,24,nan,良好,0.7,0.26,25.9,24,17.0,10,10.5,13.4,2.9,2.9,99,2021-10-16 17:00,nan,0.2,7,20,0,121.507972,25.046503,13
萬華,臺北市,22,nan,良好,2.4,0.2,20.7,23,13.0,7,10.8,15.3,4.4,2.8,100,2021-10-16 16:00,nan,0.2,7,19,0,121.507972,25.046503,13
萬華,臺北市,21,nan,良好,2.6,0.2,21.4,23,21.0,8,11.2,15.6,4.4,2.9,89,2021-10-16 15:00,nan,0.2,6,19,0,121.507972,25.046503,13
萬華,臺北市,21,nan,良好,2.2,0.2,25.7,23,38.0,8,10.0,14.0,3.9,3.3,102,2021-10-16 14:00,nan,0.2,6,18,0,121.507972,25.046503,13
萬華,臺北市,20,nan,良好,0.8,0.18,26.1,22,10.0,6,8.1,11.7,3.5,3,114,2021-10-16 13:00,nan,0.1,5,14,0,121.507972,25.046503,13
萬華,臺北市,20,nan,良好,0.6,0.19,25.4,22,13.0,4,8.7,12.8,4.0,3.8,90,2021-10-16 12:00,nan,0.1,5,16,0,121.507972,25.046503,13
萬華,臺北市,20,nan,良好,0.8,0.24,22.7,22,12.0,2,12.6,18.4,5.8,2.9,86,2021-10-16 11:00,nan,0.1,6,17,0,121.507972,25.046503,13
萬華,臺北市,21,nan,良好,0.8,0.19,24.3,22,15.0,5,9.4,13.2,3.8,2.7,85,2021-10-16 10:00,nan,0.1,6,18,0,121.507972,25.046503,13
萬華,臺北市,23,nan,良好,0.7,0.21,22.3,22,21.0,8,10.3,15.3,4.9,2.9,87,2021-10-16 09:00,nan,0.1,7,19,0,121.507972,25.046503,13
萬華,臺北市,23,nan,良好,0.7,0.23,18.9,22,19.0,7,11.8,15.9,4.0,2,84,2021-10-16 08:00,nan,0.1,7,18,0,121.507972,25.046503,13
萬華,臺北市,23,nan,良好,0.7,0.17,19.2,22,21.0,6,9.4,10.9,1.4,2.4,94,2021-10-16 07:00,nan,0.1,7,17,0,121.507972,25.046503,13
萬華,臺北市,23,nan,良好,0.6,0.13,22.7,21,20.0,9,6.0,6.4,0.3,1.9,84,2021-10-16 06:00,nan,0.1,7,17,0,121.507972,25.046503,13
萬華,臺北市,21,nan,良好,0.7,0.12,24.2,20,14.0,8,5.3,5.9,0.5,2.1,99,2021-10-16 05:00,nan,0.2,6,16,0,121.507972,25.046503,13
萬華,臺北市,20,nan,良好,0.6,0.13,24.2,19,18.0,6,5.7,6.3,0.6,1.8,99,2021-10-16 04:00,nan,0.2,6,18,0,121.507972,25.046503,13
萬華,臺北市,21,nan,良好,0.7,0.14,24.1,17,14.0,5,6.7,7.3,0.5,1.7,120,2021-10-16 03:00,nan,0.2,6,18,0,121.507972,25.046503,13
萬華,臺北市,22,nan,良好,0.7,0.16,22.4,16,18.0,4,7.6,8.1,0.5,2.2,102,2021-10-16 02:00,nan,0.2,7,19,0,121.507972,25.046503,13
萬華,臺北市,24,nan,良好,0.6,0.2,23.5,15,25.0,6,9.0,10.1,1.1,1.9,99,2021-10-16 01:00,nan,0.3,7,19,0,121.507972,25.046503,13
萬華,臺北市,26,nan,良好,0.5,0.26,17.1,14,19.0,9,14.8,16.8,1.9,1.7,84,2021-10-16 00:00,nan,0.3,8,17,0,121.507972,25.046503,13
萬華,臺北市,26.0,nan,良好,0.5,0.3,14.9,15.0,19.0,6.0,15.8,18.4,2.5,2,94,2021-10-15 23:00,nan,0.3,8.0,17.0,0.0,121.507972,25.046503,13
萬華,臺北市,27.0,nan,良好,0.4,0.31,14.0,16.0,12.0,7.0,16.8,20.2,3.4,2.2,104,2021-10-15 22:00,nan,0.3,8.0,17.0,0.0,121.507972,25.046503,13
萬華,臺北市,30.0,nan,良好,0.4,0.32,12.7,18.0,13.0,11.0,18.3,22.3,4.0,2.2,106,2021-10-15 21:00,nan,0.2,8.0,19.0,0.0,121.507972,25.046503,13
萬華,臺北市,33.0,nan,良好,0.4,0.38,11.0,20.0,19.0,8.0,20.2,25.7,5.5,2.9,107,2021-10-15 20:00,nan,0.2,8.0,20.0,0.0,121.507972,25.046503,13
萬華,臺北市,32.0,nan,良好,0.4,0.4,12.6,22.0,19.0,6.0,19.7,24.4,4.6,3.2,95,2021-10-15 19:00,nan,0.2,8.0,21.0,0.0,121.507972,25.046503,13
萬華,臺北市,33.0,nan,良好,0.4,0.36,14.6,24.0,24.0,10.0,20.0,24.5,4.4,2.6,97,2021-10-15 18:00,nan,0.2,8.0,21.0,0.0,121.507972,25.046503,13
萬華,臺北市,25.0,nan,良好,0.5,0.25,20.4,25.0,20.0,6.0,15.2,20.0,4.8,3.2,94,2021-10-15 17:00,nan,0.2,8.0,20.0,0.0,121.507972,25.046503,13
萬華,臺北市,27.0,nan,良好,0.5,0.23,22.7,25.0,20.0,7.0,13.1,18.4,5.3,2.8,88,2021-10-15 16:00,nan,0.2,8.0,21.0,0.0,121.507972,25.046503,13
萬華,臺北市,27.0,nan,良好,0.4,0.2,27.4,24.0,21.0,10.0,10.4,14.8,4.4,2.9,93,2021-10-15 15:00,nan,0.2,8.0,22.0,0.0,121.507972,25.046503,13
萬華,臺北市,25.0,nan,良好,0.7,0.22,26.7,23.0,20.0,7.0,12.0,17.5,5.5,2.9,105,2021-10-15 14:00,nan,0.2,8.0,22.0,0.0,121.507972,25.046503,13
萬華,臺北市,25.0,nan,良好,0.6,0.22,27.6,23.0,26.0,10.0,11.5,16.5,4.9,3.1,88,2021-10-15 13:00,nan,0.2,8.0,21.0,0.0,121.507972,25.046503,13
萬華,臺北市,24.0,nan,良好,0.4,0.22,28.2,23.0,24.0,8.0,11.6,16.5,4.9,3.4,100,2021-10-15 12:00,nan,0.2,8.0,20.0,0.0,121.507972,25.046503,13
萬華,臺北市,24.0,nan,良好,0.3,0.2,28.7,23.0,22.0,7.0,10.8,16.0,5.1,4,99,2021-10-15 11:00,nan,0.2,7.0,20.0,0.0,121.507972,25.046503,13
萬華,臺北市,23.0,nan,良好,0.4,0.24,25.3,23.0,19.0,7.0,13.6,20.3,6.7,3.7,98,2021-10-15 10:00,nan,0.2,7.0,20.0,0.0,121.507972,25.046503,13
萬華,臺北市,28.0,nan,良好,0.6,0.36,19.0,22.0,21.0,9.0,17.6,26.4,8.8,3,111,2021-10-15 09:00,nan,0.1,7.0,21.0,1.0,121.507972,25.046503,13
萬華,臺北市,28.0,nan,良好,0.6,0.34,16.0,22.0,23.0,7.0,17.9,24.4,6.5,2.6,91,2021-10-15 08:00,nan,0.1,7.0,20.0,1.0,121.507972,25.046503,13
萬華,臺北市,23.0,nan,良好,0.5,0.22,17.5,21.0,22.0,6.0,12.8,15.6,2.7,2.8,97,2021-10-15 07:00,nan,0.1,7.0,19.0,0.0,121.507972,25.046503,13
萬華,臺北市,23.0,nan,良好,0.5,0.14,26.1,20.0,22.0,8.0,5.1,6.0,0.9,2.4,97,2021-10-15 06:00,nan,0.1,7.0,18.0,1.0,121.507972,25.046503,13
萬華,臺北市,23.0,nan,良好,0.4,0.12,28.8,18.0,21.0,9.0,4.0,4.7,0.6,1.8,95,2021-10-15 05:00,nan,0.1,7.0,17.0,1.0,121.507972,25.046503,13
萬華,臺北市,22.0,nan,良好,0.4,0.12,27.6,16.0,16.0,6.0,4.2,5.0,0.7,1.8,95,2021-10-15 04:00,nan,0.2,7.0,17.0,1.0,121.507972,25.046503,13
萬華,臺北市,21.0,nan,良好,0.4,0.13,25.0,13.0,19.0,7.0,4.2,5.0,0.7,2.6,95,2021-10-15 03:00,nan,0.2,6.0,17.0,1.0,121.507972,25.046503,13
萬華,臺北市,21.0,nan,良好,0.5,0.15,20.0,10.0,18.0,9.0,5.8,6.7,0.8,2.7,93,2021-10-15 02:00,nan,0.2,6.0,17.0,1.0,121.507972,25.046503,13
萬華,臺北市,19.0,nan,良好,0.7,0.16,17.3,8.0,17.0,6.0,7.6,8.6,0.9,1.9,106,2021-10-15 01:00,nan,0.2,6.0,17.0,1.0,121.507972,25.046503,13
萬華,臺北市,18.0,nan,良好,1.4,0.21,13.1,7.0,20.0,6.0,11.6,13.7,2.1,1.7,99,2021-10-15 00:00,nan,0.3,5.0,16.0,1.0,121.507972,25.046503,13
萬華,臺北市,23.0,nan,良好,1.6,0.27,9.9,7.0,21.0,6.0,14.3,17.5,3.2,3,106,2021-10-14 23:00,nan,0.3,6.0,15.0,0.0,121.507972,25.046503,13
萬華,臺北市,27.0,nan,良好,1.7,0.28,8.2,7.0,20.0,6.0,16.1,20.7,4.6,2.3,95,2021-10-14 22:00,nan,0.3,6.0,13.0,0.0,121.507972,25.046503,13
萬華,臺北市,28.0,nan,良好,1.7,0.31,6.9,8.0,17.0,4.0,17.1,22.7,5.5,2.4,104,2021-10-14 21:00,nan,0.3,6.0,12.0,0.0,121.507972,25.046503,13
萬華,臺北市,33.0,nan,良好,1.8,0.37,5.6,8.0,14.0,8.0,20.6,29.0,8.4,3.1,98,2021-10-14 20:00,nan,0.3,6.0,11.0,0.0,121.507972,25.046503,13
萬華,臺北市,38.0,nan,良好,1.8,nan,3.9,9.0,11.0,10.0,23.5,32.8,9.3,2.3,94,2021-10-14 19:00,nan,0.2,5.0,11.0,0.0,121.507972,25.046503,13
萬華,臺北市,33.0,nan,良好,1.8,0.45,5.1,9.0,14.0,5.0,20.3,30.4,10.1,2.7,98,2021-10-14 18:00,nan,0.2,4.0,10.0,0.0,121.507972,25.046503,13
萬華,臺北市,30.0,nan,良好,1.9,0.32,7.1,10.0,11.0,4.0,18.3,25.7,7.3,2.2,93,2021-10-14 17:00,nan,0.2,4.0,9.0,0.0,121.507972,25.046503,13
萬華,臺北市,20.0,nan,良好,nan,0.26,10.7,10.0,12.0,3.0,12.9,19.6,6.6,2.3,89,2021-10-14 16:00,nan,0.2,3.0,8.0,0.0,121.507972,25.046503,13
萬華,臺北市,17.0,nan,良好,nan,0.23,12.2,9.0,9.0,nan,10.7,16.6,5.8,2.4,114,2021-10-14 15:00,nan,0.2,3.0,8.0,0.0,121.507972,25.046503,13
萬華,臺北市,10.0,nan,良好,nan,nan,13.7,9.0,nan,6.0,nan,nan,nan,3.3,104,2021-10-14 14:00,nan,0.2,3.0,8.0,0.0,121.507972,25.046503,13
萬華,臺北市,18.0,nan,良好,0.6,0.27,10.8,9.0,9.0,2.0,11.2,21.5,10.2,2.7,102,2021-10-14 13:00,nan,0.2,3.0,7.0,0.0,121.507972,25.046503,13
萬華,臺北市,17.0,nan,良好,0.9,0.25,10.1,10.0,10.0,3.0,10.3,19.5,9.1,2.2,83,2021-10-14 12:00,nan,0.2,3.0,7.0,0.0,121.507972,25.046503,13
萬華,臺北市,17.0,nan,良好,0.7,0.25,9.5,11.0,10.0,3.0,10.6,19.9,9.3,3.3,100,2021-10-14 11:00,nan,0.2,3.0,7.0,0.0,121.507972,25.046503,13
萬華,臺北市,23.0,nan,良好,0.5,0.29,8.2,12.0,8.0,3.0,14.4,25.0,10.5,2.7,108,2021-10-14 10:00,nan,0.1,3.0,6.0,0.0,121.507972,25.046503,13
萬華,臺北市,20.0,nan,良好,0.7,0.33,8.8,13.0,9.0,4.0,12.9,23.0,10.1,2.8,107,2021-10-14 09:00,nan,0.1,3.0,5.0,0.0,121.507972,25.046503,13
萬華,臺北市,25.0,nan,良好,0.4,0.36,5.4,14.0,13.0,3.0,15.0,26.6,11.6,2.1,96,2021-10-14 08:00,nan,0.1,3.0,4.0,0.0,121.507972,25.046503,13
萬華,臺北市,15.0,nan,良好,0.6,0.18,9.2,14.0,7.0,2.0,9.8,13.1,3.3,2.3,85,2021-10-14 07:00,nan,0.1,3.0,2.0,0.0,121.507972,25.046503,13
萬華,臺北市,12.0,nan,良好,0.6,0.1,15.9,13.0,0.0,3.0,2.8,3.7,0.9,1.9,94,2021-10-14 06:00,nan,0.1,3.0,2.0,0.0,121.507972,25.046503,13
萬華,臺北市,11.0,nan,良好,0.5,0.09,16.7,12.0,0.0,3.0,2.3,3.1,0.7,2.5,96,2021-10-14 05:00,nan,0.1,3.0,3.0,0.0,121.507972,25.046503,13
萬華,臺北市,10.0,nan,良好,0.5,0.09,16.8,11.0,0.0,4.0,2.4,3.2,0.8,1.9,90,2021-10-14 04:00,nan,0.2,2.0,3.0,0.0,121.507972,25.046503,13
萬華,臺北市,8.0,nan,良好,0.5,0.1,16.7,9.0,4.0,1.0,3.2,3.8,0.6,1.9,111,2021-10-14 03:00,nan,0.2,2.0,4.0,0.0,121.507972,25.046503,13
萬華,臺北市,8.0,nan,良好,0.4,0.11,16.8,7.0,4.0,0.0,3.7,4.1,0.4,2.4,93,2021-10-14 02:00,nan,0.2,3.0,4.0,0.0,121.507972,25.046503,13
萬華,臺北市,12.0,nan,良好,0.8,0.15,16.9,5.0,1.0,1.0,7.8,9.1,1.3,2.8,95,2021-10-14 01:00,nan,0.3,3.0,4.0,0.0,121.507972,25.046503,13
萬華,臺北市,23.0,nan,良好,0.9,0.23,6.9,4.0,3.0,2.0,14.2,17.5,3.3,1.6,84,2021-10-14 00:00,nan,0.3,4.0,5.0,0.0,121.507972,25.046503,13
萬華,臺北市,27.0,nan,良好,0.9,0.29,5.1,4.0,3.0,3.0,16.4,21.9,5.4,1.8,93,2021-10-13 23:00,nan,0.3,5.0,6.0,0.0,121.507972,25.046503,13
萬華,臺北市,27.0,nan,良好,0.7,0.31,5.9,5.0,5.0,6.0,16.3,21.9,5.6,2.3,105,2021-10-13 22:00,nan,0.3,6.0,7.0,0.0,121.507972,25.046503,13
萬華,臺北市,30.0,nan,良好,0.9,0.33,3.6,6.0,8.0,7.0,18.1,27.9,9.8,2.6,98,2021-10-13 21:00,nan,0.3,5.0,7.0,0.0,121.507972,25.046503,13
萬華,臺北市,30.0,nan,良好,0.8,0.4,3.0,7.0,9.0,4.0,18.9,31.2,12.2,2.3,97,2021-10-13 20:00,nan,0.3,5.0,7.0,0.0,121.507972,25.046503,13
萬華,臺北市,33.0,nan,良好,1.0,0.51,2.2,8.0,6.0,7.0,20.1,33.4,13.3,2.9,99,2021-10-13 19:00,nan,0.3,5.0,7.0,0.0,121.507972,25.046503,13
萬華,臺北市,33.0,nan,良好,0.8,0.46,2.9,9.0,7.0,4.0,20.7,33.1,12.4,2.5,98,2021-10-13 18:00,nan,0.3,4.0,7.0,0.0,121.507972,25.046503,13
萬華,臺北市,30.0,nan,良好,0.9,0.33,6.5,10.0,7.0,5.0,18.8,29.2,10.4,2.3,112,2021-10-13 17:00,nan,0.3,4.0,8.0,0.0,121.507972,25.046503,13
萬華,臺北市,28.0,nan,良好,0.9,0.31,8.2,10.0,9.0,5.0,17.1,26.7,9.6,3,102,2021-10-13 16:00,nan,0.3,4.0,8.0,0.0,121.507972,25.046503,13
萬華,臺北市,20.0,nan,良好,0.9,0.25,12.0,10.0,8.0,1.0,12.4,19.1,6.6,2.8,88,2021-10-13 15:00,nan,0.3,4.0,7.0,0.0,121.507972,25.046503,13
萬華,臺北市,20.0,nan,良好,0.6,0.28,12.2,11.0,10.0,2.0,12.6,19.3,6.7,3.1,95,2021-10-13 14:00,nan,0.3,5.0,7.0,0.0,121.507972,25.046503,13
萬華,臺北市,20.0,nan,良好,0.6,0.29,13.1,12.0,4.0,3.0,12.9,20.6,7.7,3.4,105,2021-10-13 13:00,nan,0.3,6.0,7.0,0.0,121.507972,25.046503,13
萬華,臺北市,22.0,nan,良好,0.7,0.27,13.2,13.0,6.0,6.0,13.3,20.1,6.7,1.5,108,2021-10-13 12:00,nan,0.2,6.0,7.0,0.0,121.507972,25.046503,13
萬華,臺北市,30.0,nan,良好,0.8,0.37,9.4,14.0,8.0,10.0,18.3,30.9,12.5,2.4,101,2021-10-13 11:00,nan,0.2,6.0,8.0,0.0,121.507972,25.046503,13
萬華,臺北市,30.0,nan,良好,0.6,0.38,7.3,15.0,8.0,8.0,18.3,29.5,11.2,2.3,91,2021-10-13 10:00,nan,0.2,5.0,8.0,0.0,121.507972,25.046503,13
萬華,臺北市,28.0,nan,良好,0.7,0.45,8.5,16.0,7.0,5.0,17.5,28.4,10.9,2,116,2021-10-13 09:00,nan,0.1,4.0,8.0,1.0,121.507972,25.046503,13
萬華,臺北市,27.0,nan,良好,0.6,0.36,10.4,17.0,8.0,5.0,16.2,22.4,6.1,1.6,94,2021-10-13 08:00,nan,0.1,3.0,9.0,1.0,121.507972,25.046503,13
萬華,臺北市,17.0,nan,良好,0.4,0.2,14.4,18.0,13.0,4.0,9.6,11.9,2.3,2.2,101,2021-10-13 07:00,nan,0.1,3.0,9.0,1.0,121.507972,25.046503,13
萬華,臺北市,17.0,nan,良好,0.4,0.13,20.4,18.0,9.0,2.0,4.4,5.0,0.5,2.7,106,2021-10-13 06:00,nan,0.1,4.0,8.0,1.0,121.507972,25.046503,13
萬華,臺北市,16.0,nan,良好,0.3,0.11,23.4,17.0,9.0,0.0,2.7,3.3,0.5,2.6,96,2021-10-13 05:00,nan,0.1,4.0,9.0,1.0,121.507972,25.046503,13
萬華,臺北市,17.0,nan,良好,0.4,0.11,19.6,15.0,6.0,2.0,3.3,3.8,0.4,2.4,84,2021-10-13 04:00,nan,0.1,5.0,10.0,1.0,121.507972,25.046503,13
萬華,臺北市,20.0,nan,良好,0.2,0.11,18.3,13.0,6.0,3.0,2.9,3.5,0.6,2.3,102,2021-10-13 03:00,nan,0.1,6.0,10.0,1.0,121.507972,25.046503,13
萬華,臺北市,22.0,nan,良好,0.0,0.12,17.3,12.0,10.0,3.0,3.7,4.4,0.6,2.5,101,2021-10-13 02:00,nan,0.2,7.0,11.0,1.0,121.507972,25.046503,13
萬華,臺北市,24.0,nan,良好,1.3,0.13,17.0,10.0,10.0,6.0,4.7,5.4,0.7,2.4,101,2021-10-13 01:00,nan,0.2,8.0,11.0,1.0,121.507972,25.046503,13
萬華,臺北市,25.0,nan,良好,1.1,0.16,16.5,9.0,5.0,6.0,7.6,8.8,1.2,3,95,2021-10-13 00:00,nan,0.2,8.0,11.0,1.0,121.507972,25.046503,13
萬華,臺北市,27.0,nan,良好,1.3,0.19,14.4,9.0,4.0,4.0,9.6,11.7,2.1,2.4,93,2021-10-12 23:00,nan,0.3,8.0,14.0,1.0,121.507972,25.046503,13
萬華,臺北市,31.0,nan,良好,1.3,0.23,11.9,8.0,7.0,8.0,11.4,13.9,2.5,3.2,102,2021-10-12 22:00,nan,0.3,9.0,16.0,1.0,121.507972,25.046503,13
萬華,臺北市,32.0,nan,良好,1.3,0.24,10.8,9.0,13.0,7.0,12.5,16.5,4.0,2.8,107,2021-10-12 21:00,nan,0.3,10.0,18.0,1.0,121.507972,25.046503,13
萬華,臺北市,35.0,nan,良好,1.4,0.4,4.8,10.0,22.0,11.0,18.9,27.0,8.0,2.3,98,2021-10-12 20:00,nan,0.3,11.0,20.0,1.0,121.507972,25.046503,13
萬華,臺北市,36.0,nan,良好,1.4,0.48,4.1,11.0,21.0,11.0,20.1,29.5,9.4,2.5,89,2021-10-12 19:00,nan,0.2,11.0,20.0,1.0,121.507972,25.046503,13
萬華,臺北市,36.0,nan,良好,1.5,0.37,6.9,13.0,18.0,13.0,15.7,22.2,6.4,2.8,94,2021-10-12 18:00,nan,0.2,11.0,21.0,1.0,121.507972,25.046503,13
萬華,臺北市,33.0,nan,良好,1.5,0.29,9.8,13.0,26.0,12.0,13.7,20.5,6.8,3,96,2021-10-12 17:00,nan,0.2,10.0,20.0,1.0,121.507972,25.046503,13
萬華,臺北市,30.0,nan,良好,1.6,0.28,10.0,13.0,26.0,14.0,15.3,22.7,7.4,2.8,99,2021-10-12 16:00,nan,0.2,9.0,18.0,1.0,121.507972,25.046503,13
萬華,臺北市,26.0,nan,良好,1.3,0.25,12.5,13.0,23.0,11.0,12.7,18.2,5.5,2.8,106,2021-10-12 15:00,nan,0.2,8.0,16.0,1.0,121.507972,25.046503,13
萬華,臺北市,24.0,nan,良好,1.4,0.2,18.4,14.0,16.0,6.0,8.7,14.4,5.7,4.1,100,2021-10-12 14:00,nan,0.2,8.0,14.0,1.0,121.507972,25.046503,13
萬華,臺北市,25.0,nan,良好,1.4,0.22,16.3,15.0,13.0,7.0,11.0,18.2,7.2,4.1,103,2021-10-12 13:00,nan,0.2,8.0,14.0,1.0,121.507972,25.046503,13
萬華,臺北市,26.0,nan,良好,1.2,0.22,15.8,16.0,17.0,7.0,10.3,17.2,6.9,3.3,96,2021-10-12 12:00,nan,0.2,8.0,14.0,1.0,121.507972,25.046503,13
萬華,臺北市,26.0,nan,良好,1.3,0.23,14.4,17.0,11.0,9.0,11.8,20.5,8.6,3.3,96,2021-10-12 11:00,nan,0.1,8.0,14.0,1.0,121.507972,25.046503,13
萬華,臺北市,27.0,nan,良好,1.4,0.31,10.4,18.0,18.0,8.0,15.6,23.7,8.1,2.9,91,2021-10-12 10:00,nan,0.1,8.0,15.0,1.0,121.507972,25.046503,13
萬華,臺北市,28.0,nan,良好,1.3,0.35,11.3,20.0,21.0,10.0,14.8,20.6,5.8,3.1,100,2021-10-12 09:00,nan,0.1,9.0,15.0,1.0,121.507972,25.046503,13
萬華,臺北市,27.0,nan,良好,1.1,0.27,12.8,21.0,20.0,9.0,12.2,15.2,2.9,3.3,97,2021-10-12 08:00,nan,0.1,8.0,14.0,1.0,121.507972,25.046503,13
萬華,臺北市,26.0,nan,良好,1.0,0.14,18.8,21.0,16.0,11.0,6.1,7.5,1.3,3.4,105,2021-10-12 07:00,nan,0.1,8.0,12.0,1.0,121.507972,25.046503,13
萬華,臺北市,23.0,nan,良好,1.1,0.1,23.7,20.0,15.0,10.0,2.7,3.3,0.5,3.5,89,2021-10-12 06:00,nan,0.1,7.0,11.0,1.0,121.507972,25.046503,13
萬華,臺北市,21.0,nan,良好,1.1,0.09,25.2,18.0,14.0,7.0,2.3,2.9,0.5,3.6,105,2021-10-12 05:00,nan,0.1,6.0,10.0,1.0,121.507972,25.046503,13
萬華,臺北市,20.0,nan,良好,1.3,0.1,25.2,16.0,6.0,6.0,2.0,2.5,0.4,3.6,101,2021-10-12 04:00,nan,0.1,6.0,9.0,0.0,121.507972,25.046503,13
萬華,臺北市,19.0,nan,良好,1.2,0.09,23.9,14.0,4.0,4.0,2.7,3.2,0.4,4.4,105,2021-10-12 03:00,nan,0.1,6.0,8.0,0.0,121.507972,25.046503,13
萬華,臺北市,22.0,nan,良好,1.4,0.1,22.8,13.0,4.0,5.0,3.1,3.8,0.7,3.1,97,2021-10-12 02:00,nan,0.1,7.0,11.0,0.0,121.507972,25.046503,13
萬華,臺北市,24.0,nan,良好,0.6,0.1,20.3,11.0,4.0,4.0,4.0,4.9,0.9,3.5,86,2021-10-12 01:00,nan,0.1,7.0,13.0,0.0,121.507972,25.046503,13
萬華,臺北市,27.0,nan,良好,0.7,0.12,13.8,10.0,0.0,5.0,5.0,6.5,1.4,3.3,99,2021-10-12 00:00,nan,0.1,8.0,17.0,0.0,121.507972,25.046503,13
萬華,臺北市,30.0,nan,良好,1.7,0.12,11.0,10.0,18.0,9.0,6.9,9.4,2.4,4.2,104,2021-10-11 23:00,nan,0.1,9.0,21.0,0.0,121.507972,25.046503,13
萬華,臺北市,31.0,nan,良好,2.5,0.14,9.4,10.0,22.0,9.0,8.8,12.1,3.2,3.6,89,2021-10-11 22:00,nan,0.1,9.0,22.0,0.0,121.507972,25.046503,13
萬華,臺北市,31.0,nan,良好,2.7,0.14,6.9,10.0,28.0,11.0,10.3,14.0,3.7,4.4,95,2021-10-11 21:00,nan,0.1,10.0,22.0,0.0,121.507972,25.046503,13
萬華,臺北市,29.0,nan,良好,1.0,0.14,10.4,11.0,22.0,10.0,7.4,9.9,2.5,4.8,98,2021-10-11 20:00,nan,0.1,9.0,21.0,0.0,121.507972,25.046503,13
萬華,臺北市,27.0,nan,良好,0.7,0.16,11.7,11.0,24.0,10.0,7.1,9.5,2.4,5,105,2021-10-11 19:00,nan,0.1,8.0,19.0,0.0,121.507972,25.046503,13
萬華,臺北市,26.0,nan,良好,0.8,0.16,11.9,12.0,18.0,10.0,7.0,9.7,2.7,4.8,98,2021-10-11 18:00,nan,0.1,8.0,17.0,0.0,121.507972,25.046503,13
萬華,臺北市,23.0,nan,良好,0.8,0.15,11.2,12.0,22.0,8.0,7.2,10.9,3.6,4.6,99,2021-10-11 17:00,nan,0.1,7.0,17.0,1.0,121.507972,25.046503,13
萬華,臺北市,21.0,nan,良好,1.2,0.17,10.7,13.0,13.0,7.0,9.0,14.3,5.3,3.9,92,2021-10-11 16:00,nan,0.1,6.0,15.0,1.0,121.507972,25.046503,13
萬華,臺北市,22.0,nan,良好,0.8,0.18,11.1,13.0,14.0,8.0,8.4,13.1,4.7,2.8,91,2021-10-11 15:00,nan,0.1,7.0,17.0,0.0,121.507972,25.046503,13
萬華,臺北市,23.0,nan,良好,0.8,0.16,13.0,14.0,18.0,6.0,7.0,10.6,3.6,3.7,100,2021-10-11 14:00,nan,0.1,7.0,19.0,0.0,121.507972,25.046503,13
萬華,臺北市,25.0,nan,良好,0.7,0.16,11.6,14.0,7.0,5.0,7.3,10.4,3.1,4.5,96,2021-10-11 13:00,nan,0.1,8.0,19.0,0.0,121.507972,25.046503,13
萬華,臺北市,25.0,nan,良好,0.5,0.15,14.3,14.0,32.0,10.0,5.3,8.5,3.2,4.7,101,2021-10-11 12:00,nan,0.1,8.0,22.0,1.0,121.507972,25.046503,13
萬華,臺北市,23.0,nan,良好,0.5,0.14,14.4,15.0,29.0,12.0,5.3,8.6,3.2,4.5,80,2021-10-11 11:00,nan,0.1,7.0,20.0,1.0,121.507972,25.046503,13
萬華,臺北市,19.0,nan,良好,0.8,0.14,14.5,15.0,28.0,9.0,5.9,9.2,3.2,3.9,85,2021-10-11 10:00,nan,0.1,6.0,17.0,1.0,121.507972,25.046503,13
萬華,臺北市,17.0,nan,良好,0.7,0.15,14.5,17.0,23.0,6.0,6.2,9.0,2.7,2.9,85,2021-10-11 09:00,nan,0.1,5.0,14.0,1.0,121.507972,25.046503,13
萬華,臺北市,18.0,nan,良好,0.9,0.15,14.6,19.0,15.0,6.0,7.5,9.8,2.3,3,70,2021-10-11 08:00,nan,0.1,5.0,13.0,1.0,121.507972,25.046503,13
萬華,臺北市,19.0,nan,良好,0.7,0.13,17.0,20.0,7.0,4.0,5.9,7.8,1.8,2.4,100,2021-10-11 07:00,nan,0.1,5.0,13.0,1.0,121.507972,25.046503,13
萬華,臺北市,19.0,nan,良好,0.2,0.11,nan,20.0,9.0,3.0,3.6,4.1,0.5,2.5,104,2021-10-11 06:00,nan,0.1,6.0,14.0,1.0,121.507972,25.046503,13
萬華,臺北市,20.0,nan,良好,0.7,0.1,nan,19.0,10.0,4.0,3.8,4.3,0.5,2.1,83,2021-10-11 05:00,nan,0.1,6.0,14.0,1.0,121.507972,25.046503,13
萬華,臺北市,22.0,nan,良好,1.0,0.11,nan,18.0,13.0,5.0,4.4,4.9,0.5,1.9,105,2021-10-11 04:00,nan,0.1,7.0,17.0,1.0,121.507972,25.046503,13
萬華,臺北市,23.0,nan,良好,0.9,0.12,18.8,18.0,7.0,5.0,4.4,4.9,0.4,2.5,98,2021-10-11 03:00,nan,0.1,7.0,19.0,1.0,121.507972,25.046503,13
萬華,臺北市,24.0,nan,良好,0.5,0.13,21.9,17.0,7.0,7.0,3.4,4.0,0.5,2.4,95,2021-10-11 02:00,nan,0.1,7.0,21.0,1.0,121.507972,25.046503,13
萬華,臺北市,25.0,nan,良好,0.7,0.15,23.2,17.0,27.0,7.0,5.9,6.7,0.7,1.6,78,2021-10-11 01:00,nan,0.2,8.0,24.0,1.0,121.507972,25.046503,13
萬華,臺北市,25.0,nan,良好,0.9,0.17,22.6,16.0,28.0,8.0,7.6,8.9,1.2,2.1,101,2021-10-11 00:00,nan,0.2,8.0,23.0,1.0,121.507972,25.046503,13
萬華,臺北市,24,nan,良好,1.5,0.22,18.2,16,20.0,7.0,11.6,13.8,2.1,2.5,91,2021-10-10 23:00,nan,0.2,8,22.0,1,121.507972,25.046503,13
萬華,臺北市,26,nan,良好,3.5,0.22,12.6,17,27.0,10.0,14.4,16.6,2.2,2.4,92,2021-10-10 22:00,nan,0.2,8,23.0,1,121.507972,25.046503,13
萬華,臺北市,25,nan,良好,2.9,0.22,12.3,18,25.0,7.0,13.8,16.0,2.2,2.1,94,2021-10-10 21:00,nan,0.2,8,22.0,0,121.507972,25.046503,13
萬華,臺北市,27,nan,良好,1.1,0.22,15.2,19,27.0,7.0,11.4,13.5,2.1,2.9,96,2021-10-10 20:00,nan,0.1,8,21.0,0,121.507972,25.046503,13
萬華,臺北市,25,nan,良好,0.8,0.22,17.5,19,28.0,11.0,11.0,13.1,2.1,3.3,99,2021-10-10 19:00,nan,0.1,8,19.0,0,121.507972,25.046503,13
萬華,臺北市,21,nan,良好,0.9,0.23,16.8,19,24.0,9.0,11.2,13.8,2.6,3.1,95,2021-10-10 18:00,nan,0.1,6,17.0,0,121.507972,25.046503,13
萬華,臺北市,19,nan,良好,0.9,0.2,19.1,20,24.0,12.0,8.3,10.9,2.6,2.7,88,2021-10-10 17:00,nan,0.1,6,16.0,0,121.507972,25.046503,13
萬華,臺北市,19,nan,良好,0.7,0.17,22.3,20,17.0,3.0,7.5,10.5,3.0,3.3,90,2021-10-10 16:00,nan,0.1,5,14.0,0,121.507972,25.046503,13
萬華,臺北市,18,nan,良好,0.9,0.17,21.7,19,17.0,3.0,7.2,10.7,3.4,3.1,91,2021-10-10 15:00,nan,0.1,6,12.0,0,121.507972,25.046503,13
萬華,臺北市,19,nan,良好,0.9,0.17,22.3,19,16.0,6.0,7.1,10.7,3.5,3.3,105,2021-10-10 14:00,nan,0.1,6,11.0,0,121.507972,25.046503,13
萬華,臺北市,19,nan,良好,1.1,0.19,21.7,19,14.0,10.0,8.7,13.5,4.8,3.9,115,2021-10-10 13:00,nan,0.1,6,11.0,0,121.507972,25.046503,13
萬華,臺北市,18,nan,良好,0.9,0.18,17.5,19,8.0,4.0,9.1,14.9,5.8,3.4,103,2021-10-10 12:00,nan,0.1,5,12.0,0,121.507972,25.046503,13
萬華,臺北市,19,nan,良好,0.8,0.17,17.6,20,9.0,5.0,7.0,11.0,4.0,2.9,93,2021-10-10 11:00,nan,0.1,5,13.0,0,121.507972,25.046503,13
萬華,臺北市,19,nan,良好,0.9,0.16,18.4,20,15.0,6.0,7.4,11.6,4.2,3.4,90,2021-10-10 10:00,nan,0.1,6,13.0,0,121.507972,25.046503,13
萬華,臺北市,19,nan,良好,1.0,0.17,20.2,21,17.0,5.0,7.2,10.5,3.3,2.8,98,2021-10-10 09:00,nan,0.1,6,13.0,0,121.507972,25.046503,13
萬華,臺北市,20,nan,良好,1.1,0.2,19.3,22,10.0,4.0,9.4,12.7,3.3,2.3,93,2021-10-10 08:00,nan,0.1,6,12.0,0,121.507972,25.046503,13
萬華,臺北市,20,nan,良好,0.9,0.19,18.7,22,8.0,6.0,10.0,12.1,2.0,2.2,90,2021-10-10 07:00,nan,0.1,6,13.0,0,121.507972,25.046503,13
萬華,臺北市,22,nan,良好,0.7,0.15,21.8,22,10.0,6.0,7.4,8.6,1.2,2.3,103,2021-10-10 06:00,nan,0.1,7,15.0,0,121.507972,25.046503,13
萬華,臺北市,23,nan,良好,0.8,0.14,22.5,22,10.0,4.0,6.0,6.5,0.5,2.6,95,2021-10-10 05:00,nan,0.1,7,17.0,0,121.507972,25.046503,13
萬華,臺北市,24,nan,良好,1.0,0.14,22.6,21,11.0,4.0,6.1,6.9,0.8,2.3,94,2021-10-10 04:00,nan,0.1,8,18.0,0,121.507972,25.046503,13
萬華,臺北市,28,nan,良好,1.3,0.14,23.8,21,18.0,7.0,5.7,6.4,0.7,2.3,101,2021-10-10 03:00,nan,0.2,8,20.0,0,121.507972,25.046503,13
萬華,臺北市,30,nan,良好,1.0,0.14,26.7,21,16.0,7.0,4.8,5.4,0.5,2.6,99,2021-10-10 02:00,nan,0.2,9,21.0,0,121.507972,25.046503,13
萬華,臺北市,32,nan,良好,0.3,0.18,25.8,20,20.0,6.0,7.9,8.9,0.9,2.3,96,2021-10-10 01:00,nan,0.2,10,22.0,0,121.507972,25.046503,13
萬華,臺北市,33,nan,良好,0.7,0.22,21.2,20,22.0,9.0,11.9,13.4,1.5,2.9,97,2021-10-10 00:00,nan,0.2,10,23.0,0,121.507972,25.046503,13
萬華,臺北市,33,nan,良好,1.0,0.27,18.2,21,24.0,12,14.1,16.0,1.8,2.4,85,2021-10-09 23:00,nan,0.2,10,24,0,121.507972,25.046503,13
萬華,臺北市,33,nan,良好,0.8,0.27,16.1,22,19.0,12,14.9,17.0,2.0,2.3,87,2021-10-09 22:00,nan,0.2,10,24,0,121.507972,25.046503,13
萬華,臺北市,33,nan,良好,0.7,0.23,21.0,23,23.0,8,11.5,13.1,1.6,2.7,97,2021-10-09 21:00,nan,0.2,10,25,0,121.507972,25.046503,13
萬華,臺北市,35,nan,良好,0.5,0.26,21.2,24,28.0,10,13.3,15.0,1.7,2.9,101,2021-10-09 20:00,nan,0.2,11,26,0,121.507972,25.046503,13
萬華,臺北市,35,nan,良好,0.7,0.26,22.2,25,26.0,13,12.8,14.5,1.7,3.1,92,2021-10-09 19:00,nan,0.2,11,25,0,121.507972,25.046503,13
萬華,臺北市,32,nan,良好,0.4,0.25,21.9,26,26.0,11,12.0,14.2,2.2,3.9,96,2021-10-09 18:00,nan,0.1,10,25,0,121.507972,25.046503,13
萬華,臺北市,31,nan,良好,0.5,0.2,24.1,27,26.0,11,9.3,11.8,2.5,3.3,84,2021-10-09 17:00,nan,0.1,10,24,0,121.507972,25.046503,13
萬華,臺北市,29,nan,良好,0.6,0.19,24.9,27,26.0,11,8.3,11.4,3.0,3.5,93,2021-10-09 16:00,nan,0.1,9,23,0,121.507972,25.046503,13
萬華,臺北市,28,nan,良好,0.6,0.19,26.1,27,24.0,8,8.4,11.8,3.4,3.9,104,2021-10-09 15:00,nan,0.1,8,22,0,121.507972,25.046503,13
萬華,臺北市,28,nan,良好,0.5,0.2,27.0,26,27.0,11,7.9,11.1,3.2,3,103,2021-10-09 14:00,nan,0.1,9,22,0,121.507972,25.046503,13
萬華,臺北市,28,nan,良好,0.6,0.19,28.1,26,23.0,6,8.4,12.1,3.6,3.7,100,2021-10-09 13:00,nan,0.1,9,22,0,121.507972,25.046503,13
萬華,臺北市,31,nan,良好,0.7,0.19,29.5,25,25.0,10,7.7,10.8,3.0,3.3,108,2021-10-09 12:00,nan,0.1,9,22,0,121.507972,25.046503,13
萬華,臺北市,31,nan,良好,0.7,0.18,29.6,24,27.0,9,8.4,11.5,3.0,4,110,2021-10-09 11:00,nan,0.1,10,22,0,121.507972,25.046503,13
萬華,臺北市,29,nan,良好,0.7,0.19,30.0,23,28.0,13,8.3,11.1,2.8,3.2,110,2021-10-09 10:00,nan,0.1,9,19,0,121.507972,25.046503,13
萬華,臺北市,25,nan,良好,0.6,0.18,26.3,22,28.0,10,8.8,11.7,2.8,3.9,99,2021-10-09 09:00,nan,0.1,8,16,0,121.507972,25.046503,13
萬華,臺北市,23,nan,良好,0.8,0.21,21.0,22,25.0,10,10.4,13.1,2.6,2.3,92,2021-10-09 08:00,nan,0.1,7,14,0,121.507972,25.046503,13
萬華,臺北市,21,nan,良好,0.7,0.16,21.5,21,9.0,5,7.4,8.4,1.0,1.9,93,2021-10-09 07:00,nan,0.1,7,12,0,121.507972,25.046503,13
萬華,臺北市,23,nan,良好,0.6,0.12,23.7,20,6.0,6,4.2,5.0,0.7,2.6,103,2021-10-09 06:00,nan,0.1,7,13,0,121.507972,25.046503,13
萬華,臺北市,25,nan,良好,0.8,0.12,23.2,19,16.0,5,3.6,4.3,0.6,3.4,102,2021-10-09 05:00,nan,0.1,8,15,0,121.507972,25.046503,13
萬華,臺北市,27,nan,良好,0.7,0.13,22.8,17,14.0,6,4.6,5.2,0.6,2.5,99,2021-10-09 04:00,nan,0.2,8,15,0,121.507972,25.046503,13
萬華,臺北市,30,nan,良好,0.6,0.15,22.4,15,15.0,8,5.1,5.9,0.8,1.9,92,2021-10-09 03:00,nan,0.2,9,15,0,121.507972,25.046503,13
萬華,臺北市,30,nan,良好,0.6,0.15,22.1,13,18.0,9,5.3,6.4,1.0,1.6,103,2021-10-09 02:00,nan,0.2,9,15,0,121.507972,25.046503,13
萬華,臺北市,28,nan,良好,1.0,0.19,20.9,11,15.0,9,8.1,9.2,1.0,2.1,108,2021-10-09 01:00,nan,0.3,9,14,0,121.507972,25.046503,13
萬華,臺北市,26,nan,良好,1.2,0.21,18.2,10,13.0,12,10.5,12.2,1.7,2.7,94,2021-10-09 00:00,nan,0.3,8,14,0,121.507972,25.046503,13
萬華,臺北市,25,nan,良好,1.0,0.27,13.4,9.0,13.0,8.0,13.8,17.2,3.3,2.9,97,2021-10-08 23:00,nan,0.3,8,15,0,121.507972,25.046503,13
萬華,臺北市,25,nan,良好,1.1,0.29,10.8,9.0,10.0,8.0,14.6,18.0,3.3,2.2,103,2021-10-08 22:00,nan,0.3,8,16,0,121.507972,25.046503,13
萬華,臺北市,26,nan,良好,1.2,0.28,10.9,10.0,15.0,7.0,14.0,18.5,4.4,2.8,95,2021-10-08 21:00,nan,0.2,8,17,0,121.507972,25.046503,13
萬華,臺北市,30,nan,良好,1.3,0.39,6.8,10.0,23.0,10.0,18.0,26.7,8.6,2.8,99,2021-10-08 20:00,nan,0.2,8,18,0,121.507972,25.046503,13
萬華,臺北市,28,nan,良好,1.3,0.42,5.6,11.0,20.0,9.0,17.4,26.5,9.1,2.6,106,2021-10-08 19:00,nan,0.2,8,16,0,121.507972,25.046503,13
萬華,臺北市,27,nan,良好,1.1,0.37,6.6,12.0,17.0,10.0,16.6,24.5,7.9,3.2,104,2021-10-08 18:00,nan,0.2,7,15,0,121.507972,25.046503,13
萬華,臺北市,18,nan,良好,1.2,0.25,10.8,12.0,20.0,9.0,10.4,16.5,6.0,3.5,90,2021-10-08 17:00,nan,0.2,6,15,0,121.507972,25.046503,13
萬華,臺北市,15,nan,良好,1.1,0.21,14.1,12.0,18.0,8.0,9.4,15.4,5.9,3.9,112,2021-10-08 16:00,nan,0.2,4,14,0,121.507972,25.046503,13
萬華,臺北市,15,nan,良好,0.9,0.21,14.3,10.0,14.0,6.0,9.8,16.0,6.2,3.7,96,2021-10-08 15:00,nan,0.2,3,12,0,121.507972,25.046503,13
萬華,臺北市,15,nan,良好,0.9,0.21,14.8,9.0,18.0,2.0,9.1,14.3,5.2,3.6,113,2021-10-08 14:00,nan,0.2,4,12,0,121.507972,25.046503,13
萬華,臺北市,13,nan,良好,0.3,0.2,nan,8.0,nan,1.0,8.8,14.4,5.6,3.2,104,2021-10-08 13:00,nan,0.2,4,12,0,121.507972,25.046503,13
萬華,臺北市,17,nan,良好,0.2,0.19,nan,8.0,9.0,nan,9.3,14.7,5.3,2.9,111,2021-10-08 12:00,nan,0.2,5,11,0,121.507972,25.046503,13
萬華,臺北市,16,nan,良好,0.3,0.19,13.7,9.0,16.0,8.0,8.2,15.4,7.1,2.7,107,2021-10-08 11:00,nan,0.2,5,11,0,121.507972,25.046503,13
萬華,臺北市,18,nan,良好,0.3,0.28,8.2,8.0,16.0,5.0,11.8,23.7,11.9,2.1,114,2021-10-08 10:00,nan,0.1,4,10,0,121.507972,25.046503,13
萬華,臺北市,20,nan,良好,0.7,0.34,6.9,9.0,11.0,6.0,12.9,24.2,11.3,1.6,116,2021-10-08 09:00,nan,0.1,4,9,0,121.507972,25.046503,13
萬華,臺北市,18,nan,良好,0.6,0.3,6.3,9.0,7.0,6.0,11.7,20.9,9.2,2.5,121,2021-10-08 08:00,nan,0.1,3,9,0,121.507972,25.046503,13
萬華,臺北市,17,nan,良好,0.5,0.2,5.7,9.0,12.0,3.0,10.5,15.1,4.6,1.5,97,2021-10-08 07:00,nan,0.1,3,9,0,121.507972,25.046503,13
萬華,臺北市,10,nan,良好,0.5,0.12,9.6,9.0,11.0,2.0,5.5,6.4,0.9,1.9,89,2021-10-08 06:00,nan,0.1,3,9,0,121.507972,25.046503,13
萬華,臺北市,10,nan,良好,0.5,0.11,11.4,9.0,7.0,1.0,4.7,5.5,0.7,1.9,94,2021-10-08 05:00,nan,0.1,3,8,0,121.507972,25.046503,13
萬華,臺北市,12,nan,良好,0.4,0.11,11.3,8.0,9.0,3.0,4.7,5.4,0.7,1.8,88,2021-10-08 04:00,nan,0.1,4,9,0,121.507972,25.046503,13
萬華,臺北市,12,nan,良好,0.2,0.1,10.8,7.0,9.0,3.0,4.3,5.1,0.8,1.7,91,2021-10-08 03:00,nan,0.2,4,8,0,121.507972,25.046503,13
萬華,臺北市,13,nan,良好,0.3,0.12,11.1,6.0,7.0,3.0,5.0,6.2,1.1,2.3,102,2021-10-08 02:00,nan,0.2,4,9,0,121.507972,25.046503,13
萬華,臺北市,13,nan,良好,0.5,0.13,11.6,6.0,8.0,3.0,5.9,7.4,1.5,2.6,94,2021-10-08 01:00,nan,0.2,4,9,0,121.507972,25.046503,13
萬華,臺北市,15,nan,良好,0.8,0.18,7.3,5.0,8.0,4.0,9.6,12.8,3.2,3.2,102,2021-10-08 00:00,nan,0.2,4,9,0,121.507972,25.046503,13
萬華,臺北市,18,nan,良好,0.6,0.23,5.2,6.0,11.0,4.0,11.6,16.1,4.4,2.5,90,2021-10-07 23:00,nan,0.2,5,10,0,121.507972,25.046503,13
萬華,臺北市,22,nan,良好,0.4,0.24,5.4,7.0,10.0,4.0,13.0,18.2,5.2,2.1,97,2021-10-07 22:00,nan,0.2,5,10,0,121.507972,25.046503,13
萬華,臺北市,22,nan,良好,0.4,0.27,4.4,9.0,10.0,7.0,13.4,19.8,6.3,2.7,91,2021-10-07 21:00,nan,0.2,5,10,0,121.507972,25.046503,13
萬華,臺北市,25,nan,良好,0.7,0.36,2.9,10.0,11.0,7.0,15.5,27.1,11.6,2.6,105,2021-10-07 20:00,nan,0.2,5,10,0,121.507972,25.046503,13
萬華,臺北市,27,nan,良好,0.7,0.45,2.8,12.0,16.0,5.0,16.9,30.0,13.1,2,98,2021-10-07 19:00,nan,0.2,4,10,0,121.507972,25.046503,13
萬華,臺北市,23,nan,良好,0.4,0.32,8.8,15.0,8.0,5.0,14.5,20.1,5.5,2.3,112,2021-10-07 18:00,nan,0.2,4,8,0,121.507972,25.046503,13
萬華,臺北市,22,nan,良好,0.4,0.26,10.8,16.0,12.0,4.0,13.4,22.0,8.6,3,110,2021-10-07 17:00,nan,0.2,4,8,0,121.507972,25.046503,13
萬華,臺北市,22,nan,良好,0.2,0.25,11.6,16.0,9.0,3.0,13.6,24.5,10.9,3.1,111,2021-10-07 16:00,nan,0.2,4,7,0,121.507972,25.046503,13
萬華,臺北市,18,nan,良好,0.3,0.21,15.3,16.0,10.0,3.0,11.2,18.7,7.4,2.7,90,2021-10-07 15:00,nan,0.2,4,7,0,121.507972,25.046503,13
萬華,臺北市,18,nan,良好,0.4,0.2,16.7,15.0,5.0,2.0,11.2,19.3,8.1,4.2,108,2021-10-07 14:00,nan,0.2,4,7,0,121.507972,25.046503,13
萬華,臺北市,15,nan,良好,0.7,0.19,18.2,15.0,6.0,4.0,9.8,17.9,8.1,2.6,109,2021-10-07 13:00,nan,0.2,4,7,0,121.507972,25.046503,13
萬華,臺北市,18,nan,良好,0.5,0.2,18.8,15.0,8.0,4.0,11.8,18.9,7.1,2.8,97,2021-10-07 12:00,nan,0.2,4,7,0,121.507972,25.046503,13
萬華,臺北市,15,nan,良好,0.5,0.19,20.7,15.0,15.0,3.0,9.1,15.3,6.1,3.2,94,2021-10-07 11:00,nan,0.1,4,7,0,121.507972,25.046503,13
萬華,臺北市,17,nan,良好,0.4,0.21,17.4,15.0,5.0,5.0,10.3,17.6,7.3,3.1,93,2021-10-07 10:00,nan,0.1,5,5,0,121.507972,25.046503,13
萬華,臺北市,22,nan,良好,0.4,0.33,12.6,16.0,5.0,5.0,13.5,24.5,10.9,2.6,80,2021-10-07 09:00,nan,0.1,5,6,0,121.507972,25.046503,13
萬華,臺北市,25,nan,良好,0.7,0.33,8.8,17.0,7.0,5.0,15.7,26.6,10.9,2,88,2021-10-07 08:00,nan,0.1,6,6,0,121.507972,25.046503,13
萬華,臺北市,22,nan,良好,0.7,0.2,9.6,19.0,6.0,7.0,13.8,17.8,3.9,2.1,119,2021-10-07 07:00,nan,0.1,6,7,0,121.507972,25.046503,13
萬華,臺北市,18,nan,良好,0.7,0.12,16.2,19.0,5.0,6.0,5.4,6.6,1.2,1.4,92,2021-10-07 06:00,nan,0.1,5,7,0,121.507972,25.046503,13
萬華,臺北市,18,nan,良好,0.6,0.1,18.1,19.0,7.0,6.0,4.2,5.1,0.9,2.9,104,2021-10-07 05:00,nan,0.1,5,7,0,121.507972,25.046503,13
萬華,臺北市,18,nan,良好,0.7,0.11,19.1,19.0,8.0,4.0,4.5,5.3,0.8,1.5,103,2021-10-07 04:00,nan,0.1,4,7,0,121.507972,25.046503,13
萬華,臺北市,16,nan,良好,0.6,0.11,20.6,17.0,9.0,4.0,4.5,5.5,1.0,2,90,2021-10-07 03:00,nan,0.2,4,7,0,121.507972,25.046503,13
萬華,臺北市,15,nan,良好,0.5,0.12,23.3,16.0,4.0,4.0,5.2,6.2,0.9,2.4,109,2021-10-07 02:00,nan,0.2,5,7,0,121.507972,25.046503,13
萬華,臺北市,16,nan,良好,0.8,0.14,26.7,14.0,4.0,3.0,5.7,6.3,0.6,2.6,89,2021-10-07 01:00,nan,0.2,5,8,0,121.507972,25.046503,13
萬華,臺北市,18,nan,良好,0.6,0.16,20.0,13.0,7.0,3.0,7.6,8.6,0.9,2.5,96,2021-10-07 00:00,nan,0.2,6,9,0,121.507972,25.046503,13
萬華,臺北市,21,nan,良好,0.5,0.21,15.6,12.0,6.0,6.0,11.5,13.1,1.6,2.6,93,2021-10-06 23:00,nan,0.2,6,10.0,0.0,121.507972,25.046503,13
萬華,臺北市,22,nan,良好,0.5,0.24,14.7,13.0,7.0,7.0,13.1,15.3,2.1,2.9,94,2021-10-06 22:00,nan,0.2,6,11.0,0.0,121.507972,25.046503,13
萬華,臺北市,25,nan,良好,0.5,0.28,12.4,13.0,12.0,7.0,15.8,19.2,3.3,2.4,85,2021-10-06 21:00,nan,0.2,6,12.0,0.0,121.507972,25.046503,13
萬華,臺北市,33,nan,良好,0.5,0.37,8.2,14.0,16.0,7.0,20.9,26.5,5.5,2.6,87,2021-10-06 20:00,nan,0.2,6,12.0,0.0,121.507972,25.046503,13
萬華,臺北市,30,nan,良好,0.5,0.4,8.2,15.0,9.0,6.0,18.2,23.2,4.9,2.9,84,2021-10-06 19:00,nan,0.2,6,12.0,0.0,121.507972,25.046503,13
萬華,臺北市,25,nan,良好,0.1,0.32,11.1,17.0,12.0,6.0,15.8,20.6,4.8,3.3,96,2021-10-06 18:00,nan,0.2,6,13.0,0.0,121.507972,25.046503,13
萬華,臺北市,20,nan,良好,0.5,0.23,15.5,18.0,12.0,4.0,12.7,17.3,4.5,3.9,97,2021-10-06 17:00,nan,0.2,6,14.0,0.0,121.507972,25.046503,13
萬華,臺北市,20,nan,良好,0.4,0.21,18.1,17.0,16.0,6.0,11.0,16.3,5.3,3.2,89,2021-10-06 16:00,nan,0.2,6,14.0,0.0,121.507972,25.046503,13
萬華,臺北市,22,nan,良好,0.4,0.21,19.3,17.0,14.0,8.0,10.5,16.5,6.0,3.6,92,2021-10-06 15:00,nan,0.2,7,14.0,0.0,121.507972,25.046503,13
萬華,臺北市,22,nan,良好,0.4,0.24,16.7,16.0,12.0,2.0,11.2,18.8,7.6,3.9,94,2021-10-06 14:00,nan,0.2,7,14.0,0.0,121.507972,25.046503,13
萬華,臺北市,23,nan,良好,0.5,0.24,17.3,17.0,7.0,5.0,11.7,17.8,6.0,3,90,2021-10-06 13:00,nan,0.2,7,14.0,0.0,121.507972,25.046503,13
萬華,臺北市,25,nan,良好,0.5,0.23,20.5,17.0,16.0,9.0,11.1,16.6,5.4,3.9,103,2021-10-06 12:00,nan,0.2,8,16.0,0.0,121.507972,25.046503,13
萬華,臺北市,25,nan,良好,0.7,0.21,20.3,18.0,13.0,8.0,10.7,16.1,5.4,3.3,95,2021-10-06 11:00,nan,0.2,8,17.0,0.0,121.507972,25.046503,13
萬華,臺北市,28,nan,良好,0.7,0.25,18.0,18.0,12.0,5.0,10.5,18.8,8.2,3.2,93,2021-10-06 10:00,nan,0.2,8,18.0,0.0,121.507972,25.046503,13
萬華,臺北市,28,nan,良好,0.8,0.41,13.2,18.0,18.0,7.0,16.3,27.7,11.4,3,98,2021-10-06 09:00,nan,0.2,9,19.0,0.0,121.507972,25.046503,13
萬華,臺北市,29,nan,良好,0.6,0.38,11.5,20.0,21.0,9.0,16.8,25.3,8.4,2.6,80,2021-10-06 08:00,nan,0.1,9,19.0,0.0,121.507972,25.046503,13
萬華,臺北市,30,nan,良好,0.8,0.21,14.3,21.0,20.0,14.0,12.4,14.5,2.1,2.2,92,2021-10-06 07:00,nan,0.1,9,20.0,0.0,121.507972,25.046503,13
萬華,臺北市,27,nan,良好,0.6,0.14,21.8,21.0,18.0,6.0,4.3,4.8,0.5,2.4,102,2021-10-06 06:00,nan,0.1,8,20.0,0.0,121.507972,25.046503,13
萬華,臺北市,28,nan,良好,0.6,0.13,23.7,21.0,24.0,8.0,3.4,4.0,0.5,2.1,95,2021-10-06 05:00,nan,0.1,8,21.0,0.0,121.507972,25.046503,13
萬華,臺北市,30,nan,良好,0.6,0.14,21.8,20.0,24.0,10.0,4.1,4.5,0.4,2.3,96,2021-10-06 04:00,nan,0.1,9,20.0,0.0,121.507972,25.046503,13
萬華,臺北市,31,nan,良好,0.6,0.14,22.3,19.0,21.0,6.0,4.2,4.5,0.3,2.6,99,2021-10-06 03:00,nan,0.2,9,19.0,0.0,121.507972,25.046503,13
萬華,臺北市,32,nan,良好,0.5,0.15,22.4,18.0,21.0,7.0,4.5,4.9,0.4,2.2,101,2021-10-06 02:00,nan,0.2,10,19.0,0.0,121.507972,25.046503,13
萬華,臺北市,31,nan,良好,0.1,0.17,22.4,17.0,12.0,11.0,6.1,6.6,0.4,2,91,2021-10-06 01:00,nan,0.2,10,18.0,0.0,121.507972,25.046503,13
萬華,臺北市,30,nan,良好,0.5,0.19,20.0,16.0,22.0,10.0,9.0,9.9,0.9,2.6,94,2021-10-06 00:00,nan,0.2,9,19.0,0.0,121.507972,25.046503,13
萬華,臺北市,31.0,nan,良好,0.2,0.26,16.4,17.0,15.0,8.0,13.8,15.3,1.5,2.4,103,2021-10-05 23:00,nan,0.2,10.0,19.0,0.0,121.507972,25.046503,13
萬華,臺北市,34.0,nan,良好,0.1,0.25,19.9,18.0,11.0,5.0,12.1,13.5,1.4,2.3,96,2021-10-05 22:00,nan,0.2,10.0,21.0,0.0,121.507972,25.046503,13
萬華,臺北市,37.0,nan,良好,0.0,0.25,21.0,19.0,12.0,8.0,12.6,14.8,2.2,3.4,101,2021-10-05 21:00,nan,0.2,11.0,24.0,0.0,121.507972,25.046503,13
萬華,臺北市,40.0,nan,良好,0.2,0.36,11.4,21.0,25.0,14.0,17.3,21.3,3.9,2.5,98,2021-10-05 20:00,nan,0.2,12.0,27.0,0.0,121.507972,25.046503,13
萬華,臺北市,40.0,nan,良好,0.0,0.41,11.6,23.0,28.0,16.0,18.7,22.7,3.9,2.7,100,2021-10-05 19:00,nan,0.2,12.0,27.0,0.0,121.507972,25.046503,13
萬華,臺北市,37.0,nan,良好,0.0,0.33,15.3,26.0,33.0,10.0,15.7,19.3,3.5,2.4,94,2021-10-05 18:00,nan,0.2,11.0,26.0,0.0,121.507972,25.046503,13
萬華,臺北市,36.0,nan,良好,0.1,0.26,19.3,27.0,26.0,14.0,13.8,17.8,3.9,3,103,2021-10-05 17:00,nan,0.2,11.0,26.0,0.0,121.507972,25.046503,13
萬華,臺北市,33.0,nan,良好,0.2,0.24,23.3,28.0,25.0,15.0,12.1,16.0,3.9,2.3,81,2021-10-05 16:00,nan,0.2,10.0,26.0,0.0,121.507972,25.046503,13
萬華,臺北市,29.0,nan,良好,0.1,0.23,26.4,28.0,24.0,11.0,12.0,16.2,4.1,3.5,95,2021-10-05 15:00,nan,0.2,9.0,26.0,0.0,121.507972,25.046503,13
萬華,臺北市,28.0,nan,良好,0.1,0.21,29.3,28.0,30.0,8.0,10.2,13.6,3.4,3.5,82,2021-10-05 14:00,nan,0.2,8.0,26.0,0.0,121.507972,25.046503,13
萬華,臺北市,28.0,nan,良好,0.0,0.21,31.4,29.0,27.0,9.0,10.7,14.1,3.4,3.5,82,2021-10-05 13:00,nan,0.2,9.0,25.0,0.0,121.507972,25.046503,13
萬華,臺北市,29.0,nan,良好,0.2,0.22,32.6,30.0,22.0,7.0,9.6,13.2,3.5,2.7,88,2021-10-05 12:00,nan,0.2,9.0,26.0,0.0,121.507972,25.046503,13
萬華,臺北市,33.0,nan,良好,0.1,0.24,31.1,30.0,23.0,8.0,12.2,16.6,4.3,3.8,91,2021-10-05 11:00,nan,0.2,10.0,27.0,0.0,121.507972,25.046503,13
萬華,臺北市,33.0,nan,良好,0.0,0.29,27.7,31.0,26.0,8.0,15.7,21.5,5.8,3.2,109,2021-10-05 10:00,nan,0.2,10.0,28.0,0.0,121.507972,25.046503,13
萬華,臺北市,34.0,nan,良好,0.1,0.38,25.0,32.0,30.0,11.0,17.8,23.0,5.2,2.8,102,2021-10-05 09:00,nan,0.2,10.0,28.0,0.0,121.507972,25.046503,13
萬華,臺北市,33.0,nan,良好,0.2,0.33,25.1,34.0,27.0,15.0,17.0,21.8,4.8,2.3,105,2021-10-05 08:00,nan,0.1,10.0,27.0,0.0,121.507972,25.046503,13
萬華,臺北市,32.0,nan,良好,0.0,0.26,23.7,35.0,27.0,7.0,17.0,19.0,2.0,1.8,85,2021-10-05 07:00,nan,0.1,9.0,28.0,0.0,121.507972,25.046503,13
萬華,臺北市,33.0,nan,良好,0.0,0.16,36.4,36.0,24.0,9.0,4.4,4.8,0.3,1.8,100,2021-10-05 06:00,nan,0.1,10.0,28.0,0.0,121.507972,25.046503,13
萬華,臺北市,32.0,nan,良好,0.2,0.14,38.4,35.0,26.0,8.0,3.4,3.7,0.2,2.5,98,2021-10-05 05:00,nan,0.1,10.0,29.0,0.0,121.507972,25.046503,13
萬華,臺北市,34.0,nan,良好,0.1,0.14,39.9,33.0,30.0,9.0,2.8,3.1,0.3,2.8,94,2021-10-05 04:00,nan,0.1,10.0,30.0,0.0,121.507972,25.046503,13
萬華,臺北市,34.0,nan,良好,0.0,0.14,37.6,31.0,26.0,9.0,4.0,4.4,0.4,2.5,95,2021-10-05 03:00,nan,0.2,10.0,30.0,0.0,121.507972,25.046503,13
萬華,臺北市,35.0,nan,良好,0.1,0.15,37.0,28.0,31.0,11.0,4.8,5.1,0.3,2.4,97,2021-10-05 02:00,nan,0.2,11.0,30.0,0.0,121.507972,25.046503,13
萬華,臺北市,35.0,nan,良好,0.3,0.16,37.0,26.0,42.0,12.0,4.8,5.2,0.3,2.7,95,2021-10-05 01:00,nan,0.2,11.0,30.0,0.0,121.507972,25.046503,13
萬華,臺北市,36.0,nan,良好,0.5,0.18,35.6,24.0,30.0,10.0,7.3,7.7,0.4,2.5,103,2021-10-05 00:00,nan,0.3,11.0,28.0,0.0,121.507972,25.046503,13
萬華,臺北市,36,nan,良好,0.5,0.22,30.4,24.0,30.0,13.0,9.5,10.2,0.7,3.4,103,2021-10-04 23:00,nan,0.3,11,28.0,0,121.507972,25.046503,13
萬華,臺北市,34,nan,良好,0.6,0.25,29.1,24.0,31.0,11.0,11.3,12.2,0.8,2.6,107,2021-10-04 22:00,nan,0.3,10,27.0,0,121.507972,25.046503,13
萬華,臺北市,34,nan,良好,0.4,0.28,23.6,24.0,34.0,15.0,13.8,15.2,1.4,3.1,106,2021-10-04 21:00,nan,0.3,10,25.0,0,121.507972,25.046503,13
萬華,臺北市,31,nan,良好,0.4,0.38,18.1,25.0,34.0,11.0,17.9,20.8,2.8,2.7,94,2021-10-04 20:00,nan,0.2,10,23.0,0,121.507972,25.046503,13
萬華,臺北市,30,nan,良好,0.5,0.42,17.3,27.0,25.0,9.0,18.7,22.4,3.7,3.1,88,2021-10-04 19:00,nan,0.2,9,20.0,0,121.507972,25.046503,13
萬華,臺北市,32,nan,良好,0.5,0.39,18.4,28.0,21.0,11.0,19.9,23.3,3.4,2,95,2021-10-04 18:00,nan,0.2,9,20.0,0,121.507972,25.046503,13
萬華,臺北市,27,nan,良好,0.5,0.28,25.1,29.0,20.0,8.0,15.9,19.1,3.2,1.9,100,2021-10-04 17:00,nan,0.2,8,20.0,0,121.507972,25.046503,13
萬華,臺北市,28,nan,良好,0.3,0.23,31.0,29.0,17.0,7.0,11.6,14.3,2.7,3.3,107,2021-10-04 16:00,nan,0.2,8,20.0,0,121.507972,25.046503,13
萬華,臺北市,28,nan,良好,0.2,0.22,31.8,28.0,21.0,7.0,9.2,12.2,2.9,4,107,2021-10-04 15:00,nan,0.2,9,20.0,0,121.507972,25.046503,13
萬華,臺北市,29,nan,良好,0.1,0.23,30.2,27.0,26.0,8.0,10.6,14.2,3.6,3.6,94,2021-10-04 14:00,nan,0.2,9,20.0,0,121.507972,25.046503,13
萬華,臺北市,30,nan,良好,0.2,0.24,29.5,27.0,19.0,10.0,11.2,14.6,3.4,2.6,100,2021-10-04 13:00,nan,0.2,9,19.0,0,121.507972,25.046503,13
萬華,臺北市,30,nan,良好,0.2,0.22,32.9,27.0,21.0,9.0,9.2,12.3,3.0,3.8,115,2021-10-04 12:00,nan,0.2,9,19.0,0,121.507972,25.046503,13
萬華,臺北市,30,nan,良好,0.2,0.23,30.6,27.0,21.0,9.0,10.2,13.8,3.6,3.7,101,2021-10-04 11:00,nan,0.2,9,19.0,0,121.507972,25.046503,13
萬華,臺北市,30,nan,良好,0.3,0.26,27.4,27.0,21.0,12.0,12.5,18.4,5.9,3.6,113,2021-10-04 10:00,nan,0.2,9,19.0,0,121.507972,25.046503,13
萬華,臺北市,28,nan,良好,nan,0.39,21.9,28.0,19.0,10.0,16.4,22.4,5.9,2.3,107,2021-10-04 09:00,nan,0.2,9,18.0,0,121.507972,25.046503,13
萬華,臺北市,28,nan,良好,0.5,0.32,23.0,29.0,21.0,9.0,14.4,17.8,3.4,2.7,93,2021-10-04 08:00,nan,0.1,8,17.0,0,121.507972,25.046503,13
萬華,臺北市,28,nan,良好,0.5,0.21,24.2,30.0,21.0,10.0,9.1,10.2,1.1,2.7,99,2021-10-04 07:00,nan,0.1,8,17.0,0,121.507972,25.046503,13
萬華,臺北市,29,nan,良好,0.4,0.15,28.0,31.0,14.0,9.0,4.1,4.5,0.3,1.7,91,2021-10-04 06:00,nan,0.1,8,17.0,0,121.507972,25.046503,13
萬華,臺北市,29,nan,良好,0.5,0.14,30.6,31.0,11.0,8.0,3.1,3.4,0.2,1.8,99,2021-10-04 05:00,nan,0.1,7,18.0,0,121.507972,25.046503,13
萬華,臺北市,28,nan,良好,0.5,0.14,32.1,30.0,17.0,7.0,3.2,3.7,0.4,2.4,97,2021-10-04 04:00,nan,0.2,7,20.0,0,121.507972,25.046503,13
萬華,臺北市,28,nan,良好,0.4,0.15,32.3,30.0,21.0,7.0,3.5,3.8,0.2,1.7,97,2021-10-04 03:00,nan,0.2,8,20.0,0,121.507972,25.046503,13
萬華,臺北市,27,nan,良好,0.3,0.15,32.8,29.0,20.0,5.0,4.6,4.8,0.2,1.9,92,2021-10-04 02:00,nan,0.2,8,20.0,0,121.507972,25.046503,13
萬華,臺北市,28,nan,良好,1.9,0.18,33.6,29.0,20.0,6.0,6.5,7.0,0.4,2.1,95,2021-10-04 01:00,nan,0.2,8,20.0,1,121.507972,25.046503,13
萬華,臺北市,29,nan,良好,1.0,0.22,31.2,29.0,19.0,8.0,9.4,10.1,0.6,2.3,95,2021-10-04 00:00,nan,0.2,9,20.0,0,121.507972,25.046503,13
萬華,臺北市,29,nan,良好,1.0,0.26,28.0,30,21.0,10,13.9,15.1,1.2,2.1,101,2021-10-03 23:00,nan,0.2,9,21.0,0,121.507972,25.046503,13
萬華,臺北市,30,nan,良好,1.1,0.27,27.4,32,22.0,8,14.4,15.4,1.0,2,86,2021-10-03 22:00,nan,0.2,9,21.0,0,121.507972,25.046503,13
萬華,臺北市,31,nan,良好,1.0,0.28,29.0,34,23.0,9,13.7,14.8,1.1,2.3,99,2021-10-03 21:00,nan,0.2,9,20.0,0,121.507972,25.046503,13
萬華,臺北市,33,nan,良好,1.0,0.29,28.2,36,25.0,9,14.4,15.7,1.3,2.7,102,2021-10-03 20:00,nan,0.2,9,19.0,0,121.507972,25.046503,13
萬華,臺北市,35,nan,良好,1.0,0.32,27.1,38,19.0,10,14.8,16.2,1.3,2.7,101,2021-10-03 19:00,nan,0.2,10,18.0,0,121.507972,25.046503,13
萬華,臺北市,37,nan,良好,0.8,0.28,30.3,40,20.0,10,13.4,14.7,1.3,3.5,96,2021-10-03 18:00,nan,0.2,10,18.0,0,121.507972,25.046503,13
萬華,臺北市,38,nan,良好,1.1,0.23,36.7,41,19.0,10,9.9,11.5,1.5,3.6,90,2021-10-03 17:00,nan,0.2,9,17.0,0,121.507972,25.046503,13
萬華,臺北市,38,nan,良好,1.1,0.23,37.5,41,22.0,13,10.6,12.6,2.0,3.2,124,2021-10-03 16:00,nan,0.2,8,17.0,0,121.507972,25.046503,13
萬華,臺北市,37,nan,良好,0.9,0.23,42.9,40,17.0,10,9.6,11.2,1.5,3.1,101,2021-10-03 15:00,nan,0.2,7,17.0,1,121.507972,25.046503,13
萬華,臺北市,36,nan,良好,0.8,0.22,45.1,39,18.0,6,8.6,10.2,1.6,3.8,108,2021-10-03 14:00,nan,0.2,7,17.0,1,121.507972,25.046503,13
萬華,臺北市,36,nan,良好,0.6,0.24,44.4,39,15.0,4,8.7,10.5,1.8,2.4,131,2021-10-03 13:00,nan,0.2,8,16.0,1,121.507972,25.046503,13
萬華,臺北市,36,nan,良好,0.9,0.24,43.4,39,21.0,6,9.2,11.1,1.9,2.9,112,2021-10-03 12:00,nan,0.2,8,16.0,1,121.507972,25.046503,13
萬華,臺北市,35,nan,良好,0.7,0.23,43.3,38,18.0,9,8.7,10.8,2.0,2.8,103,2021-10-03 11:00,nan,0.2,8,15.0,1,121.507972,25.046503,13
萬華,臺北市,35,nan,良好,0.9,0.23,41.1,38,13.0,9,9.9,12.2,2.3,2.8,115,2021-10-03 10:00,nan,0.2,8,15.0,1,121.507972,25.046503,13
萬華,臺北市,35,nan,良好,1.2,0.25,35.3,38,16.0,9,11.4,14.0,2.6,2.7,119,2021-10-03 09:00,nan,0.2,8,15.0,1,121.507972,25.046503,13
萬華,臺北市,35,nan,良好,1.3,0.25,31.8,38,13.0,7,11.3,13.3,2.0,2.8,92,2021-10-03 08:00,nan,0.2,8,15.0,1,121.507972,25.046503,13
萬華,臺北市,35,nan,良好,1.1,0.22,34.9,38,17.0,10,8.5,9.3,0.7,2.6,98,2021-10-03 07:00,nan,0.2,8,16.0,1,121.507972,25.046503,13
萬華,臺北市,35,nan,良好,0.9,0.19,41.2,38,13.0,8,4.5,5.0,0.5,1.3,92,2021-10-03 06:00,nan,0.2,8,16.0,1,121.507972,25.046503,13
萬華,臺北市,34,nan,良好,1.0,0.19,41.3,37,18.0,7,4.7,5.1,0.4,1.5,105,2021-10-03 05:00,nan,0.2,8,17.0,1,121.507972,25.046503,13
萬華,臺北市,33,nan,良好,0.9,0.2,39.6,36,19.0,9,5.5,5.9,0.4,1.9,86,2021-10-03 04:00,nan,0.2,9,16.0,1,121.507972,25.046503,13
萬華,臺北市,32,nan,良好,1.0,0.21,41.3,35,17.0,9,5.3,5.8,0.4,1.5,86,2021-10-03 03:00,nan,0.2,9,16.0,1,121.507972,25.046503,13
萬華,臺北市,31,nan,良好,1.0,0.2,41.6,34,12.0,9,6.1,6.4,0.2,2.2,94,2021-10-03 02:00,nan,0.2,8,16.0,1,121.507972,25.046503,13
萬華,臺北市,31,nan,良好,0.5,0.25,36.0,33,8.0,8,9.9,10.8,0.9,1.7,121,2021-10-03 01:00,nan,0.2,8,17.0,1,121.507972,25.046503,13
萬華,臺北市,31,nan,良好,0.9,0.27,34.0,34,20.0,6,12.0,13.1,1.0,1.9,93,2021-10-03 00:00,nan,0.3,9,19.0,1,121.507972,25.046503,13
萬華,臺北市,32,nan,良好,0.9,0.3,31.5,35.0,17.0,5.0,15.0,16.3,1.3,1.8,87,2021-10-02 23:00,nan,0.2,10,20.0,1,121.507972,25.046503,13
萬華,臺北市,34,nan,良好,0.7,0.33,31.0,37.0,19.0,7.0,14.7,15.8,1.0,1.9,97,2021-10-02 22:00,nan,0.2,10,21.0,1,121.507972,25.046503,13
萬華,臺北市,36,nan,良好,1.1,0.28,34.3,39.0,17.0,11.0,12.8,14.1,1.2,2.2,93,2021-10-02 21:00,nan,0.2,11,21.0,1,121.507972,25.046503,13
萬華,臺北市,37,nan,良好,1.0,0.31,33.9,40.0,21.0,12.0,15.3,16.6,1.2,2.7,92,2021-10-02 20:00,nan,0.2,11,22.0,1,121.507972,25.046503,13
萬華,臺北市,39,nan,良好,0.9,0.33,35.5,42.0,22.0,10.0,15.8,17.1,1.3,3.2,97,2021-10-02 19:00,nan,0.2,11,23.0,1,121.507972,25.046503,13
萬華,臺北市,41,nan,良好,1.2,0.32,35.4,44.0,20.0,10.0,15.4,17.0,1.6,3.6,101,2021-10-02 18:00,nan,0.2,12,23.0,1,121.507972,25.046503,13
萬華,臺北市,42,nan,良好,2.3,0.26,39.5,45.0,25.0,11.0,13.4,15.6,2.2,3,103,2021-10-02 17:00,nan,0.2,12,23.0,1,121.507972,25.046503,13
萬華,臺北市,42,nan,良好,4.0,0.22,42.3,45.0,25.0,14.0,12.5,15.3,2.8,4.6,100,2021-10-02 16:00,nan,0.2,12,23.0,1,121.507972,25.046503,13
萬華,臺北市,40,nan,良好,2.8,0.23,44.6,43.0,23.0,11.0,11.1,13.6,2.5,3.9,101,2021-10-02 15:00,nan,0.2,12,23.0,1,121.507972,25.046503,13
萬華,臺北市,38,nan,良好,0.9,0.23,47.5,39.0,21.0,16.0,9.2,11.6,2.3,4.2,98,2021-10-02 14:00,nan,0.2,12,23.0,1,121.507972,25.046503,13
萬華,臺北市,36,nan,良好,0.8,0.26,48.4,37.0,23.0,10.0,9.9,12.8,2.9,3.1,97,2021-10-02 13:00,nan,0.3,11,23.0,1,121.507972,25.046503,13
萬華,臺北市,37,nan,良好,1.9,0.29,49.2,36.0,29.0,13.0,13.6,16.4,2.8,2.4,93,2021-10-02 12:00,nan,0.2,11,24.0,1,121.507972,25.046503,13
萬華,臺北市,36,nan,良好,0.7,0.3,47.8,35.0,23.0,8.0,12.1,14.9,2.7,2.5,80,2021-10-02 11:00,nan,0.2,11,23.0,1,121.507972,25.046503,13
萬華,臺北市,38,nan,良好,0.8,0.3,43.0,34.0,23.0,12.0,12.9,16.0,3.1,1.8,70,2021-10-02 10:00,nan,0.2,12,23.0,1,121.507972,25.046503,13
萬華,臺北市,37,nan,良好,1.0,0.3,37.5,34.0,25.0,13.0,13.6,16.7,3.1,2.4,91,2021-10-02 09:00,nan,0.2,12,23.0,1,121.507972,25.046503,13
萬華,臺北市,37,nan,良好,1.2,0.36,27.9,35.0,22.0,11.0,17.0,20.5,3.5,2.2,96,2021-10-02 08:00,nan,0.2,11,23.0,1,121.507972,25.046503,13
萬華,臺北市,37,nan,良好,0.6,0.35,17.6,36.0,28.0,11.0,14.0,15.8,1.8,0.8,164,2021-10-02 07:00,nan,0.2,11,23.0,1,121.507972,25.046503,13
萬華,臺北市,37,nan,良好,1.3,0.26,29.7,39.0,20.0,11.0,10.5,11.5,0.9,0.8,146,2021-10-02 06:00,nan,0.2,11,22.0,1,121.507972,25.046503,13
萬華,臺北市,38,nan,良好,1.2,0.22,38.8,39.0,22.0,12.0,7.1,7.9,0.8,1.7,113,2021-10-02 05:00,nan,0.2,12,22.0,1,121.507972,25.046503,13
萬華,臺北市,36,nan,良好,1.0,0.22,40.9,39.0,22.0,11.0,7.4,8.2,0.7,1.5,110,2021-10-02 04:00,nan,0.3,11,23.0,1,121.507972,25.046503,13
萬華,臺北市,39,nan,良好,1.2,0.24,39.3,38.0,22.0,11.0,9.0,9.8,0.7,1.8,108,2021-10-02 03:00,nan,0.3,12,23.0,1,121.507972,25.046503,13
萬華,臺北市,41,nan,良好,0.9,0.26,40.9,37.0,20.0,12.0,10.1,10.8,0.7,1.6,102,2021-10-02 02:00,nan,0.3,13,25.0,1,121.507972,25.046503,13
萬華,臺北市,43,nan,良好,1.3,0.25,45.5,37.0,25.0,9.0,9.5,10.7,1.2,1.8,101,2021-10-02 01:00,nan,0.4,13,26.0,1,121.507972,25.046503,13
萬華,臺北市,47,nan,良好,1.5,0.29,41.5,37.0,25.0,14.0,15.0,16.4,1.4,2.4,99,2021-10-02 00:00,nan,0.4,14,26.0,1,121.507972,25.046503,13
萬華,臺北市,47.0,nan,良好,1.5,0.38,35.4,37.0,24.0,12.0,20.3,21.9,1.5,2.5,100,2021-10-01 23:00,nan,0.4,15.0,27.0,1.0,121.507972,25.046503,13
萬華,臺北市,51.0,細懸浮微粒,普通,1.4,0.4,34.5,41.0,25.0,11.0,20.8,22.3,1.5,2,104,2021-10-01 22:00,nan,0.4,16.0,28.0,1.0,121.507972,25.046503,13
萬華,臺北市,53.0,細懸浮微粒,普通,1.4,0.39,37.0,44.0,25.0,13.0,19.9,21.6,1.6,2.8,100,2021-10-01 21:00,nan,0.4,16.0,28.0,1.0,121.507972,25.046503,13
萬華,臺北市,53.0,細懸浮微粒,普通,1.2,0.52,30.6,44.0,25.0,11.0,27.4,29.8,2.4,2.1,110,2021-10-01 20:00,nan,0.5,16.0,29.0,1.0,121.507972,25.046503,13
萬華,臺北市,56.0,細懸浮微粒,普通,1.5,0.57,32.9,46.0,23.0,11.0,28.2,30.2,2.0,1.7,96,2021-10-01 19:00,nan,0.5,18.0,30.0,1.0,121.507972,25.046503,13
萬華,臺北市,62.0,細懸浮微粒,普通,3.1,0.44,40.0,49.0,25.0,14.0,23.9,26.0,2.0,2.4,94,2021-10-01 18:00,nan,0.5,20.0,32.0,1.0,121.507972,25.046503,13
萬華,臺北市,66.0,細懸浮微粒,普通,2.1,0.34,44.9,49.0,28.0,12.0,17.1,19.5,2.3,2.2,97,2021-10-01 17:00,nan,0.5,22.0,34.0,1.0,121.507972,25.046503,13
萬華,臺北市,71.0,細懸浮微粒,普通,1.3,0.35,47.9,45.0,30.0,19.0,16.8,19.6,2.7,2.9,89,2021-10-01 16:00,nan,0.5,24.0,35.0,1.0,121.507972,25.046503,13
萬華,臺北市,72.0,細懸浮微粒,普通,1.6,0.48,64.1,40.0,43.0,27.0,23.8,26.5,2.6,2.2,77,2021-10-01 15:00,nan,0.5,24.0,36.0,1.0,121.507972,25.046503,13
萬華,臺北市,73.0,細懸浮微粒,普通,1.5,0.63,57.0,34.0,40.0,29.0,33.3,38.9,5.5,1.8,75,2021-10-01 14:00,nan,0.5,25.0,36.0,1.0,121.507972,25.046503,13
萬華,臺北市,70.0,細懸浮微粒,普通,1.2,0.71,42.3,28.0,37.0,27.0,34.8,41.5,6.7,1.1,100,2021-10-01 13:00,nan,0.5,23.0,35.0,1.0,121.507972,25.046503,13
萬華,臺北市,66.0,細懸浮微粒,普通,1.6,0.53,45.0,27.0,38.0,25.0,27.5,30.4,2.8,0.5,57,2021-10-01 12:00,nan,0.4,22.0,33.0,1.0,121.507972,25.046503,13
萬華,臺北市,63.0,細懸浮微粒,普通,1.8,0.54,56.8,25.0,51.0,35.0,19.8,22.8,2.9,0.4,93,2021-10-01 11:00,nan,0.4,20.0,32.0,1.0,121.507972,25.046503,13
萬華,臺北市,54.0,細懸浮微粒,普通,1.4,0.63,36.3,23.0,36.0,23.0,22.1,27.5,5.3,0.9,68,2021-10-01 10:00,nan,0.4,17.0,28.0,1.0,121.507972,25.046503,13
萬華,臺北市,49.0,nan,良好,1.3,0.66,17.1,23.0,25.0,17.0,22.0,32.3,10.3,1,138,2021-10-01 09:00,nan,0.3,15.0,25.0,1.0,121.507972,25.046503,13
萬華,臺北市,47.0,nan,良好,1.1,0.53,8.3,26.0,29.0,18.0,19.4,27.5,8.0,1.4,163,2021-10-01 08:00,nan,0.3,15.0,25.0,1.0,121.507972,25.046503,13
萬華,臺北市,46.0,nan,良好,1.1,0.3,9.2,29.0,26.0,14.0,12.7,15.6,2.9,0.9,159,2021-10-01 07:00,nan,0.3,14.0,25.0,1.0,121.507972,25.046503,13
萬華,臺北市,46.0,nan,良好,1.1,0.23,14.6,32.0,20.0,12.0,8.3,9.8,1.4,1.4,170,2021-10-01 06:00,nan,0.3,14.0,25.0,1.0,121.507972,25.046503,13
萬華,臺北市,47.0,nan,良好,1.1,0.26,29.3,35.0,22.0,13.0,8.4,9.5,1.1,1.1,150,2021-10-01 05:00,nan,0.3,15.0,26.0,1.0,121.507972,25.046503,13
萬華,臺北市,48.0,nan,良好,1.5,0.28,35.0,35.0,33.0,17.0,10.9,12.1,1.2,1.3,157,2021-10-01 04:00,nan,0.3,15.0,27.0,1.0,121.507972,25.046503,13
萬華,臺北市,46.0,nan,良好,1.7,0.31,35.6,33.0,28.0,14.0,12.2,13.3,1.0,0.9,100,2021-10-01 03:00,nan,0.3,14.0,26.0,1.0,121.507972,25.046503,13
萬華,臺北市,46.0,nan,良好,1.3,0.33,38.9,30.0,27.0,15.0,11.3,12.4,1.1,1.6,122,2021-10-01 02:00,nan,0.3,14.0,26.0,1.0,121.507972,25.046503,13
萬華,臺北市,47.0,nan,良好,1.2,0.34,42.5,28.0,27.0,15.0,12.4,12.8,0.4,1.8,103,2021-10-01 01:00,nan,0.3,14.0,26.0,1.0,121.507972,25.046503,13
萬華,臺北市,46.0,nan,良好,1.2,0.37,32.9,27.0,30.0,15.0,18.2,18.6,0.3,2.2,100,2021-10-01 00:00,nan,0.3,14.0,25.0,1.0,121.507972,25.046503,13
